Date,Open,High,Low,Close,Volume,Ticker,Year-Month
10/1/20,117.64,117.72,115.83,116.79,116120440,AAPL,2020-10
10/2/20,112.89,115.37,112.22,113.02,144711986,AAPL,2020-10
10/5/20,113.91,116.65,113.55,116.5,106243839,AAPL,2020-10
10/6/20,115.7,116.12,112.25,113.16,161498212,AAPL,2020-10
10/7/20,114.62,115.55,114.13,115.08,96848985,AAPL,2020-10
10/8/20,116.25,116.4,114.59,114.97,83477153,AAPL,2020-10
10/9/20,115.28,117,114.92,116.97,100506865,AAPL,2020-10
10/12/20,120.06,125.18,119.28,124.4,240226769,AAPL,2020-10
10/13/20,125.27,125.39,119.65,121.1,262330451,AAPL,2020-10
10/14/20,121,123.03,119.62,121.19,151062308,AAPL,2020-10
10/15/20,118.72,121.2,118.15,120.71,112559219,AAPL,2020-10
10/16/20,121.28,121.55,118.81,119.02,115393808,AAPL,2020-10
10/19/20,119.96,120.42,115.66,115.98,120639337,AAPL,2020-10
10/20/20,116.2,118.98,115.63,117.51,124423728,AAPL,2020-10
10/21/20,116.67,118.71,116.45,116.87,89945980,AAPL,2020-10
10/22/20,117.45,118.04,114.59,115.75,101987954,AAPL,2020-10
10/23/20,116.39,116.55,114.28,115.04,82572645,AAPL,2020-10
10/26/20,114.01,116.55,112.88,115.05,111850657,AAPL,2020-10
10/27/20,115.49,117.28,114.54,116.6,92276772,AAPL,2020-10
10/28/20,115.05,115.43,111.1,111.2,143937823,AAPL,2020-10
10/29/20,112.37,116.93,112.2,115.32,146129173,AAPL,2020-10
10/30/20,111.06,111.99,107.72,108.86,190573476,AAPL,2020-10
10/1/20,1484.27,1499.04,1479.21,1490.09,1779497,GOOG,2020-10
10/2/20,1462.03,1483.2,1450.92,1458.42,1284071,GOOG,2020-10
10/5/20,1466.21,1488.21,1464.27,1486.02,1113257,GOOG,2020-10
10/6/20,1475.58,1486.76,1448.59,1453.44,1245423,GOOG,2020-10
10/7/20,1464.29,1468.96,1436,1460.29,1746156,GOOG,2020-10
10/8/20,1465.09,1490,1465.09,1485.93,1187831,GOOG,2020-10
10/9/20,1494.7,1516.52,1489.45,1515.22,1435542,GOOG,2020-10
10/12/20,1543,1593.86,1532.57,1569.15,2482560,GOOG,2020-10
10/13/20,1583.73,1590,1563.2,1571.68,1601043,GOOG,2020-10
10/14/20,1578.59,1587.68,1550.53,1568.08,1930990,GOOG,2020-10
10/15/20,1547.15,1575.11,1545.03,1559.13,1540817,GOOG,2020-10
10/16/20,1565.85,1581.13,1563,1573.01,1435137,GOOG,2020-10
10/19/20,1580.46,1588.15,1528,1534.61,1607075,GOOG,2020-10
10/20/20,1527.05,1577.5,1525.67,1555.93,2242572,GOOG,2020-10
10/21/20,1573.33,1618.73,1571.63,1593.31,2568345,GOOG,2020-10
10/22/20,1593.05,1621.99,1585,1615.33,1434042,GOOG,2020-10
10/23/20,1626.07,1642.36,1620.51,1641,1375844,GOOG,2020-10
10/26/20,1625.01,1638.24,1576.5,1590.45,1853254,GOOG,2020-10
10/27/20,1595.67,1606.85,1582.78,1604.26,1229002,GOOG,2020-10
10/28/20,1559.74,1561.35,1514.62,1516.62,1833959,GOOG,2020-10
10/29/20,1522.36,1593.71,1522.24,1567.24,2003064,GOOG,2020-10
10/30/20,1672.11,1687,1604.46,1621.01,4330862,GOOG,2020-10
10/1/20,213.49,213.99,211.32,212.46,27158418,MSFT,2020-10
10/2/20,208,210.99,205.54,206.19,33154781,MSFT,2020-10
10/5/20,207.22,210.41,206.98,210.38,21331561,MSFT,2020-10
10/6/20,208.82,210.18,204.82,205.91,28554261,MSFT,2020-10
10/7/20,207.06,210.11,206.72,209.83,25681054,MSFT,2020-10
10/8/20,210.51,211.19,208.32,210.58,19925837,MSFT,2020-10
10/9/20,211.23,215.86,211.23,215.81,26458047,MSFT,2020-10
10/12/20,218.79,223.86,216.81,221.4,40461368,MSFT,2020-10
10/13/20,222.72,225.21,220.43,222.86,28950843,MSFT,2020-10
10/14/20,223,224.22,219.13,220.86,23451713,MSFT,2020-10
10/15/20,217.1,220.36,216.01,219.66,22733064,MSFT,2020-10
10/16/20,220.15,222.29,219.32,219.66,26057882,MSFT,2020-10
10/19/20,220.42,222.3,213.72,214.22,27625841,MSFT,2020-10
10/20/20,215.8,217.37,213.09,214.65,22753511,MSFT,2020-10
10/21/20,213.12,216.92,213.12,214.8,22724906,MSFT,2020-10
10/22/20,213.93,216.06,211.7,214.89,22351450,MSFT,2020-10
10/23/20,215.03,216.28,213.16,216.23,18879608,MSFT,2020-10
10/26/20,213.85,216.34,208.1,210.08,37111561,MSFT,2020-10
10/27/20,211.59,214.67,210.33,213.25,36700325,MSFT,2020-10
10/28/20,207.67,208.84,202.1,202.68,51195593,MSFT,2020-10
10/29/20,204.07,207.36,203.37,204.72,31432563,MSFT,2020-10
10/30/20,203.5,204.29,199.62,202.47,36980111,MSFT,2020-10
10/1/20,440.76,448.88,434.42,448.16,50741454,TSLA,2020-10
10/2/20,421.39,439.13,415,415.09,71430025,TSLA,2020-10
10/5/20,423.35,433.64,419.33,425.68,44722786,TSLA,2020-10
10/6/20,423.79,428.78,406.05,413.98,49146259,TSLA,2020-10
10/7/20,419.87,429.9,413.85,425.3,43127709,TSLA,2020-10
10/8/20,438.44,439,425.3,425.92,40421116,TSLA,2020-10
10/9/20,430.13,434.59,426.46,434,28925656,TSLA,2020-10
10/12/20,442,448.74,438.58,442.3,38791133,TSLA,2020-10
10/13/20,443.35,448.89,436.6,446.65,34463665,TSLA,2020-10
10/14/20,449.78,465.9,447.35,461.3,48045394,TSLA,2020-10
10/15/20,450.31,456.57,442.5,448.88,35672354,TSLA,2020-10
10/16/20,454.44,455.95,438.85,439.67,32775879,TSLA,2020-10
10/19/20,446.24,447,428.87,430.83,36287843,TSLA,2020-10
10/20/20,431.75,431.75,419.05,421.94,31656289,TSLA,2020-10
10/21/20,422.7,432.95,421.25,422.64,32370461,TSLA,2020-10
10/22/20,441.92,445.23,424.51,425.79,39993191,TSLA,2020-10
10/23/20,421.84,422.89,407.38,420.63,33716980,TSLA,2020-10
10/26/20,411.63,425.76,410,420.28,28239161,TSLA,2020-10
10/27/20,423.76,430.5,420.1,424.68,22686506,TSLA,2020-10
10/28/20,416.48,418.6,406,406.02,25451409,TSLA,2020-10
10/29/20,409.96,418.06,406.46,410.83,22655308,TSLA,2020-10
10/30/20,406.9,407.59,379.11,388.04,42587639,TSLA,2020-10
10/1/20,265.35,268.33,264.8,266.63,20009801,FB,2020-10
10/2/20,261.21,265.15,259.18,259.94,16367597,FB,2020-10
10/5/20,262.2,264.87,260.84,264.65,12822252,FB,2020-10
10/6/20,261.78,265.69,258.24,258.66,18696917,FB,2020-10
10/7/20,259.21,260.18,254.82,258.12,23133417,FB,2020-10
10/8/20,259.75,264.62,259.15,263.76,16312762,FB,2020-10
10/9/20,264.52,264.75,262.17,264.45,14107803,FB,2020-10
10/12/20,270.2,280.18,267.87,275.75,31019256,FB,2020-10
10/13/20,277.58,279.1,273.39,276.14,18063343,FB,2020-10
10/14/20,277.62,278.75,271.5,271.82,15601154,FB,2020-10
10/15/20,267.6,269.04,263.67,266.72,15416064,FB,2020-10
10/16/20,267.38,271.37,265.3,265.93,16622702,FB,2020-10
10/19/20,265.53,268.55,259.88,261.4,13586955,FB,2020-10
10/20/20,263.06,269.7,262.88,267.56,18763246,FB,2020-10
10/21/20,279.56,283.05,276.37,278.73,28998638,FB,2020-10
10/22/20,279.87,282.45,275.04,278.12,16720026,FB,2020-10
10/23/20,278.8,285.24,276.82,284.79,17535155,FB,2020-10
10/26/20,283.16,285.23,274.26,277.11,21322925,FB,2020-10
10/27/20,278.76,284.51,276.31,283.29,16287249,FB,2020-10
10/28/20,278.79,278.79,267.26,267.67,23121808,FB,2020-10
10/29/20,276.55,283.6,273.78,280.83,32368118,FB,2020-10
10/30/20,274.5,276.7,259.1,263.11,47299002,FB,2020-10
11/2/20,109.11,110.68,107.32,108.77,122866899,AAPL,2020-11
11/3/20,109.66,111.49,108.73,110.44,107624448,AAPL,2020-11
11/4/20,114.14,115.59,112.35,114.95,138235482,AAPL,2020-11
11/5/20,117.95,119.62,116.87,119.03,126387074,AAPL,2020-11
11/6/20,118.32,119.2,116.13,118.69,114457922,AAPL,2020-11
11/9/20,120.5,121.99,116.05,116.32,154515315,AAPL,2020-11
11/10/20,115.55,117.59,114.13,115.97,138023390,AAPL,2020-11
11/11/20,117.19,119.63,116.44,119.49,112294954,AAPL,2020-11
11/12/20,119.62,120.53,118.57,119.21,103350674,AAPL,2020-11
11/13/20,119.44,119.67,117.87,119.26,81688586,AAPL,2020-11
11/16/20,118.92,120.99,118.15,120.3,91183018,AAPL,2020-11
11/17/20,119.55,120.67,118.96,119.39,74270973,AAPL,2020-11
11/18/20,118.61,119.82,118,118.03,76322111,AAPL,2020-11
11/19/20,117.59,119.06,116.81,118.64,74112972,AAPL,2020-11
11/20/20,118.64,118.77,117.29,117.34,73604287,AAPL,2020-11
11/23/20,117.18,117.62,113.75,113.85,127959318,AAPL,2020-11
11/24/20,113.91,115.85,112.59,115.17,113874218,AAPL,2020-11
11/25/20,115.55,116.75,115.17,116.03,76499234,AAPL,2020-11
11/27/20,116.57,117.49,116.22,116.59,46691331,AAPL,2020-11
11/30/20,116.97,120.97,116.81,119.05,169410176,AAPL,2020-11
11/2/20,1628.16,1660.77,1616.03,1626.03,2535446,GOOG,2020-11
11/3/20,1631.78,1661.7,1616.62,1650.21,1661653,GOOG,2020-11
11/4/20,1710.28,1771.37,1706.03,1749.13,3570927,GOOG,2020-11
11/5/20,1781,1793.64,1750.51,1763.37,2065812,GOOG,2020-11
11/6/20,1753.95,1772.43,1740.35,1761.75,1661225,GOOG,2020-11
11/9/20,1790.9,1818.06,1760.02,1763,2268270,GOOG,2020-11
11/10/20,1731.09,1763,1717.3,1740.39,2636142,GOOG,2020-11
11/11/20,1750,1764.22,1747.37,1752.71,1263966,GOOG,2020-11
11/12/20,1747.63,1768.27,1745.6,1749.84,1248754,GOOG,2020-11
11/13/20,1757.63,1781.04,1744.55,1777.02,1500574,GOOG,2020-11
11/16/20,1771.7,1799.07,1767.69,1781.38,1246785,GOOG,2020-11
11/17/20,1776.94,1785,1767,1770.15,1147114,GOOG,2020-11
11/18/20,1765.23,1773.47,1746.14,1746.78,1173466,GOOG,2020-11
11/19/20,1738.38,1769.59,1737.01,1763.92,1249910,GOOG,2020-11
11/20/20,1765.21,1774,1741.86,1742.19,2313655,GOOG,2020-11
11/23/20,1749.6,1753.9,1717.72,1734.86,2161975,GOOG,2020-11
11/24/20,1730.5,1771.6,1727.69,1768.88,1579703,GOOG,2020-11
11/25/20,1772.89,1778.54,1756.54,1771.43,1046122,GOOG,2020-11
11/27/20,1773.09,1804,1772.44,1793.19,884916,GOOG,2020-11
11/30/20,1781.18,1788.07,1755,1760.74,1823836,GOOG,2020-11
11/2/20,204.29,205.28,200.12,202.33,30842163,MSFT,2020-11
11/3/20,203.89,208.12,203.12,206.43,27512030,MSFT,2020-11
11/4/20,214.02,218.32,212.42,216.39,42311777,MSFT,2020-11
11/5/20,222.04,224.12,221.15,223.29,36080137,MSFT,2020-11
11/6/20,222.26,224.36,218.03,223.72,25231895,MSFT,2020-11
11/9/20,224.44,228.12,217.88,218.39,44394950,MSFT,2020-11
11/10/20,214.5,216.5,209.72,211.01,44045120,MSFT,2020-11
11/11/20,212.39,218.04,212.2,216.55,29440788,MSFT,2020-11
11/12/20,217.21,219.11,214.46,215.44,21616115,MSFT,2020-11
11/13/20,216.36,217.42,214.16,216.51,18630307,MSFT,2020-11
11/16/20,214.87,217.74,214.52,217.23,24953344,MSFT,2020-11
11/17/20,216.1,217.68,214.08,214.46,24154112,MSFT,2020-11
11/18/20,213.65,215.17,210.93,211.08,28372789,MSFT,2020-11
11/19/20,211.38,213.03,209.93,212.42,24792746,MSFT,2020-11
11/20/20,212.2,213.29,210,210.39,22843119,MSFT,2020-11
11/23/20,210.95,212.29,208.16,210.11,25683507,MSFT,2020-11
11/24/20,209.59,214.25,208.86,213.86,33979731,MSFT,2020-11
11/25/20,215.11,215.29,212.46,213.87,21012887,MSFT,2020-11
11/27/20,214.85,216.27,214.04,215.23,14512213,MSFT,2020-11
11/30/20,214.1,214.76,210.84,214.07,33064753,MSFT,2020-11
11/2/20,394,406.98,392.3,400.51,29021118,TSLA,2020-11
11/3/20,409.73,427.77,406.69,423.9,34351715,TSLA,2020-11
11/4/20,430.62,435.4,417.1,420.98,32143057,TSLA,2020-11
11/5/20,428.3,440,424,438.09,28414523,TSLA,2020-11
11/6/20,436.1,436.57,424.28,429.95,21706014,TSLA,2020-11
11/9/20,439.5,452.5,421,421.26,34833025,TSLA,2020-11
11/10/20,420.09,420.09,396.03,410.36,30284224,TSLA,2020-11
11/11/20,416.45,418.7,410.58,417.13,17357722,TSLA,2020-11
11/12/20,415.05,423,409.52,411.76,19940500,TSLA,2020-11
11/13/20,410.85,412.53,401.66,408.5,19830351,TSLA,2020-11
11/16/20,408.93,412.45,404.09,408.09,26838635,TSLA,2020-11
11/17/20,460.17,462,433.01,441.61,61188281,TSLA,2020-11
11/18/20,448.35,496,443.5,486.64,78044024,TSLA,2020-11
11/19/20,492,508.61,487.57,499.27,62475346,TSLA,2020-11
11/20/20,497.99,502.5,489.06,489.61,32911922,TSLA,2020-11
11/23/20,503.5,526,501.79,521.85,50260304,TSLA,2020-11
11/24/20,540.4,559.99,526.2,555.38,53648494,TSLA,2020-11
11/25/20,550.06,574,545.37,574,48930162,TSLA,2020-11
11/27/20,581.16,598.78,578.45,585.76,37561078,TSLA,2020-11
11/30/20,602.21,607.8,554.51,567.6,63003052,TSLA,2020-11
11/2/20,264.6,270.47,257.34,261.36,27165679,FB,2020-11
11/3/20,263.16,270.05,260.88,265.3,17961859,FB,2020-11
11/4/20,281,288.94,278.62,287.38,35364424,FB,2020-11
11/5/20,291.9,297.38,288.95,294.68,23823633,FB,2020-11
11/6/20,293.95,294.6,288.06,293.41,13890974,FB,2020-11
11/9/20,289.87,292.58,278.53,278.77,25117650,FB,2020-11
11/10/20,273.1,274,264,272.43,29067691,FB,2020-11
11/11/20,273.47,278.4,272.48,276.48,14956950,FB,2020-11
11/12/20,277.18,279.75,274.43,275.08,12914206,FB,2020-11
11/13/20,277.72,277.76,273.1,276.95,10400101,FB,2020-11
11/16/20,275.05,279.41,274.63,278.96,12970352,FB,2020-11
11/17/20,277.68,277.68,273.29,275,15040297,FB,2020-11
11/18/20,274.52,277.39,271.84,271.97,12152945,FB,2020-11
11/19/20,271.02,273.47,269.19,272.94,12963658,FB,2020-11
11/20/20,272.56,273,269.41,269.7,18122412,FB,2020-11
11/23/20,270.89,270.95,264.53,268.43,20990786,FB,2020-11
11/24/20,268.49,277.82,267.87,276.92,16930424,FB,2020-11
11/25/20,278.14,280.18,272.65,275.59,12467009,FB,2020-11
11/27/20,277.39,279.13,274.82,277.81,7808426,FB,2020-11
11/30/20,276.03,277.7,271.01,276.97,16693336,FB,2020-11
12/1/20,121.01,123.47,120.01,122.72,128166803,AAPL,2020-12
12/2/20,122.02,123.37,120.89,123.08,89004195,AAPL,2020-12
12/3/20,123.52,123.78,122.21,122.94,78967630,AAPL,2020-12
12/4/20,122.6,122.86,121.52,122.25,78260421,AAPL,2020-12
12/7/20,122.31,124.57,122.25,123.75,86711990,AAPL,2020-12
12/8/20,124.37,124.98,123.09,124.38,82225512,AAPL,2020-12
12/9/20,124.53,125.95,121,121.78,115089193,AAPL,2020-12
12/10/20,120.5,123.87,120.15,123.24,81312170,AAPL,2020-12
12/11/20,122.43,122.76,120.55,122.41,86939786,AAPL,2020-12
12/14/20,122.6,123.35,121.54,121.78,79075988,AAPL,2020-12
12/15/20,124.34,127.9,124.13,127.88,157572262,AAPL,2020-12
12/16/20,127.41,128.37,126.56,127.81,98208591,AAPL,2020-12
12/17/20,128.9,129.58,128.04,128.7,94359811,AAPL,2020-12
12/18/20,128.96,129.1,126.12,126.66,192541496,AAPL,2020-12
12/21/20,125.02,128.31,123.45,128.23,121251553,AAPL,2020-12
12/22/20,131.61,134.41,129.65,131.88,169351825,AAPL,2020-12
12/23/20,132.16,132.43,130.78,130.96,88223692,AAPL,2020-12
12/24/20,131.32,133.46,131.1,131.97,54930064,AAPL,2020-12
12/28/20,133.99,137.34,133.51,136.69,124486237,AAPL,2020-12
12/29/20,138.05,138.79,134.34,134.87,121047324,AAPL,2020-12
12/30/20,135.58,135.99,133.4,133.72,96452124,AAPL,2020-12
12/31/20,134.08,134.74,131.72,132.69,99116586,AAPL,2020-12
12/1/20,1774.37,1824.83,1769.37,1798.1,1739045,GOOG,2020-12
12/2/20,1798.1,1835.65,1789.47,1827.95,1222032,GOOG,2020-12
12/3/20,1824.01,1847.2,1822.65,1826.77,1227298,GOOG,2020-12
12/4/20,1824.52,1833.16,1816.99,1827.99,1378166,GOOG,2020-12
12/7/20,1819,1832.37,1805.78,1819.48,1320946,GOOG,2020-12
12/8/20,1810.1,1821.9,1796.2,1818.55,1096319,GOOG,2020-12
12/9/20,1812.01,1834.27,1767.81,1784.13,1507558,GOOG,2020-12
12/10/20,1769.8,1781.31,1740.32,1775.33,1362848,GOOG,2020-12
12/11/20,1763.06,1784.45,1760,1781.77,1220651,GOOG,2020-12
12/14/20,1775,1797.39,1757.22,1760.06,1600173,GOOG,2020-12
12/15/20,1764.42,1771.42,1749.95,1767.77,1482261,GOOG,2020-12
12/16/20,1772.88,1773,1756.08,1763,1513543,GOOG,2020-12
12/17/20,1768.51,1771.78,1738.66,1747.9,1624744,GOOG,2020-12
12/18/20,1754.18,1755.11,1720.22,1731.01,4016353,GOOG,2020-12
12/21/20,1713.51,1740.85,1699,1739.37,1828378,GOOG,2020-12
12/22/20,1734.43,1737.41,1712.58,1723.5,938346,GOOG,2020-12
12/23/20,1728.11,1747.99,1725.04,1732.38,1033917,GOOG,2020-12
12/24/20,1735,1746,1729.11,1738.85,346753,GOOG,2020-12
12/28/20,1751.64,1790.73,1746.34,1776.09,1393033,GOOG,2020-12
12/29/20,1787.79,1792.44,1756.09,1758.72,1299395,GOOG,2020-12
12/30/20,1762.01,1765.1,1725.6,1739.52,1306130,GOOG,2020-12
12/31/20,1735.42,1758.93,1735.42,1751.88,1012240,GOOG,2020-12
12/1/20,214.51,217.32,213.35,216.21,30931318,MSFT,2020-12
12/2/20,214.88,215.47,212.8,215.37,23724509,MSFT,2020-12
12/3/20,214.61,216.38,213.65,214.24,25120922,MSFT,2020-12
12/4/20,214.22,215.38,213.18,214.36,24666039,MSFT,2020-12
12/7/20,214.37,215.54,212.99,214.29,24619997,MSFT,2020-12
12/8/20,213.97,216.95,212.89,216.01,23284094,MSFT,2020-12
12/9/20,215.16,215.23,211.21,211.8,32440603,MSFT,2020-12
12/10/20,211.77,213.08,210.36,210.52,26467017,MSFT,2020-12
12/11/20,210.05,213.32,209.11,213.26,30979440,MSFT,2020-12
12/14/20,213.1,216.21,212.88,214.2,28798379,MSFT,2020-12
12/15/20,215.17,215.42,212.24,214.13,27018106,MSFT,2020-12
12/16/20,214.75,220.11,214.72,219.28,35023253,MSFT,2020-12
12/17/20,219.87,220.89,217.92,219.42,32515784,MSFT,2020-12
12/18/20,218.59,219.69,216.02,218.59,63354922,MSFT,2020-12
12/21/20,217.55,224,217.28,222.59,37181886,MSFT,2020-12
12/22/20,222.69,225.63,221.85,223.94,22643397,MSFT,2020-12
12/23/20,223.11,223.56,220.8,221.02,18699638,MSFT,2020-12
12/24/20,221.42,223.61,221.2,222.75,10550572,MSFT,2020-12
12/28/20,224.45,226.03,223.02,224.96,17933496,MSFT,2020-12
12/29/20,226.31,227.18,223.58,224.15,17403213,MSFT,2020-12
12/30/20,225.23,225.63,221.47,221.68,20272337,MSFT,2020-12
12/31/20,221.7,223,219.68,222.42,20942132,MSFT,2020-12
12/1/20,597.59,597.85,572.05,584.76,40382832,TSLA,2020-12
12/2/20,556.44,571.54,541.21,568.82,47775653,TSLA,2020-12
12/3/20,590.02,598.97,582.43,593.38,42552003,TSLA,2020-12
12/4/20,591.01,599.04,585.5,599.04,29401314,TSLA,2020-12
12/7/20,604.92,648.79,603.05,641.76,56309709,TSLA,2020-12
12/8/20,625.51,651.28,618.5,649.88,64265029,TSLA,2020-12
12/9/20,653.69,654.32,588,604.48,71291190,TSLA,2020-12
12/10/20,574.37,627.75,566.34,627.07,67083153,TSLA,2020-12
12/11/20,615.01,624,596.8,609.99,46474974,TSLA,2020-12
12/14/20,619,642.75,610.2,639.83,52040649,TSLA,2020-12
12/15/20,643.28,646.9,623.8,633.25,45223559,TSLA,2020-12
12/16/20,628.23,632.5,605,622.77,42095813,TSLA,2020-12
12/17/20,628.19,658.82,619.5,655.9,56270144,TSLA,2020-12
12/18/20,668.9,695,628.54,695,222126194,TSLA,2020-12
12/21/20,666.24,668.5,646.07,649.86,58045264,TSLA,2020-12
12/22/20,648,649.88,614.23,640.34,51861644,TSLA,2020-12
12/23/20,632.2,651.5,622.57,645.98,33172972,TSLA,2020-12
12/24/20,642.99,666.09,641,661.77,22865568,TSLA,2020-12
12/28/20,674.51,681.4,660.8,663.69,32278561,TSLA,2020-12
12/29/20,661,669.9,655,665.99,22910811,TSLA,2020-12
12/30/20,672,696.6,668.36,694.78,42846021,TSLA,2020-12
12/31/20,699.99,718.72,691.12,705.67,49649928,TSLA,2020-12
12/1/20,279.16,289.3,278.96,286.55,20777906,FB,2020-12
12/2/20,285.36,291.78,280.83,287.52,17361624,FB,2020-12
12/3/20,286.25,286.65,281.07,281.85,12921694,FB,2020-12
12/4/20,280.3,283.46,279.3,279.7,10880299,FB,2020-12
12/7/20,279.19,288.49,278.2,285.58,13007665,FB,2020-12
12/8/20,286.01,286.43,281.55,283.4,10747650,FB,2020-12
12/9/20,283.66,287.63,271.75,277.92,25189707,FB,2020-12
12/10/20,275.54,278.73,271.86,277.12,20065091,FB,2020-12
12/11/20,274.53,276.48,270.25,273.55,14391401,FB,2020-12
12/14/20,273.37,277.22,271.56,274.19,16376880,FB,2020-12
12/15/20,274.83,276.08,267.47,275.55,23979461,FB,2020-12
12/16/20,274.76,277.86,272.51,275.67,15884999,FB,2020-12
12/17/20,277.07,280.44,273.61,274.48,16377844,FB,2020-12
12/18/20,275.77,278,271.14,276.4,26693249,FB,2020-12
12/21/20,272.98,274.67,267.79,272.79,16553740,FB,2020-12
12/22/20,271.5,271.5,264.63,267.09,17334999,FB,2020-12
12/23/20,266.89,272.17,266.23,268.11,14329038,FB,2020-12
12/24/20,268.88,270.4,266.2,267.4,6702033,FB,2020-12
12/28/20,268.74,277.3,265.66,277,23299707,FB,2020-12
12/29/20,276.95,280.51,276.28,276.78,16382995,FB,2020-12
12/30/20,277.95,278.08,271.71,271.87,11803795,FB,2020-12
12/31/20,272,277.09,269.81,273.16,12900408,FB,2020-12
1/4/21,133.52,133.61,126.76,129.41,143301887,AAPL,2021-1
1/5/21,128.89,131.74,128.43,131.01,97664898,AAPL,2021-1
1/6/21,127.72,131.05,126.38,126.6,155087970,AAPL,2021-1
1/7/21,128.36,131.63,127.86,130.92,109578157,AAPL,2021-1
1/8/21,132.43,132.63,130.23,132.05,105158245,AAPL,2021-1
1/11/21,129.19,130.17,128.5,128.98,100620880,AAPL,2021-1
1/12/21,128.5,129.69,126.86,128.8,91951145,AAPL,2021-1
1/13/21,128.76,131.45,128.49,130.89,88636831,AAPL,2021-1
1/14/21,130.8,131,128.76,128.91,90221755,AAPL,2021-1
1/15/21,128.78,130.22,127,127.14,111598531,AAPL,2021-1
1/19/21,127.78,128.71,126.94,127.83,90757329,AAPL,2021-1
1/20/21,128.66,132.49,128.55,132.03,104319489,AAPL,2021-1
1/21/21,133.8,139.67,133.59,136.87,120529544,AAPL,2021-1
1/22/21,136.28,139.85,135.02,139.07,114459360,AAPL,2021-1
1/25/21,143.07,145.09,136.54,142.92,157611713,AAPL,2021-1
1/26/21,143.6,144.3,141.37,143.16,98390555,AAPL,2021-1
1/27/21,143.43,144.3,140.41,142.06,140843759,AAPL,2021-1
1/28/21,139.52,141.99,136.7,137.09,142621128,AAPL,2021-1
1/29/21,135.83,136.74,130.21,131.96,177523812,AAPL,2021-1
1/4/21,1757.54,1760.65,1707.85,1728.24,1901855,GOOG,2021-1
1/5/21,1725,1747.67,1718.02,1740.92,1145347,GOOG,2021-1
1/6/21,1702.63,1748,1699,1735.29,2602114,GOOG,2021-1
1/7/21,1740.06,1788.4,1737.05,1787.25,2265022,GOOG,2021-1
1/8/21,1787.98,1809.84,1773.54,1807.21,2051002,GOOG,2021-1
1/11/21,1786.07,1794.32,1760.52,1766.72,1209735,GOOG,2021-1
1/12/21,1753.92,1778.04,1725.31,1746.55,1357691,GOOG,2021-1
1/13/21,1738.58,1765.04,1738.01,1754.4,1094131,GOOG,2021-1
1/14/21,1753.62,1775.01,1733.4,1740.18,1179477,GOOG,2021-1
1/15/21,1738.19,1756,1721.55,1736.19,1342170,GOOG,2021-1
1/19/21,1752.25,1809.28,1741.46,1790.86,1734614,GOOG,2021-1
1/20/21,1831.46,1903.71,1825.53,1886.9,2490258,GOOG,2021-1
1/21/21,1898,1934.86,1887.11,1891.25,2063932,GOOG,2021-1
1/22/21,1895.68,1910.95,1881.76,1901.05,1272232,GOOG,2021-1
1/25/21,1920.67,1929.58,1867.53,1899.4,1927320,GOOG,2021-1
1/26/21,1888.84,1925,1884.25,1917.24,1313139,GOOG,2021-1
1/27/21,1882.53,1890,1809,1830.79,2748292,GOOG,2021-1
1/28/21,1843.94,1898.83,1842.64,1863.11,1773138,GOOG,2021-1
1/29/21,1846.17,1857.28,1810.2,1835.74,1612552,GOOG,2021-1
1/4/21,222.53,223,214.81,217.69,37130139,MSFT,2021-1
1/5/21,217.26,218.52,215.7,217.9,23822953,MSFT,2021-1
1/6/21,212.17,216.49,211.94,212.25,35930653,MSFT,2021-1
1/7/21,214.04,219.34,213.71,218.29,27694480,MSFT,2021-1
1/8/21,218.68,220.58,217.03,219.62,22956206,MSFT,2021-1
1/11/21,218.47,218.91,216.73,217.49,23047029,MSFT,2021-1
1/12/21,216.5,217.1,213.32,214.93,23249336,MSFT,2021-1
1/13/21,214.02,216.76,213.93,216.34,20087080,MSFT,2021-1
1/14/21,215.91,217.46,212.74,213.02,29346737,MSFT,2021-1
1/15/21,213.52,214.51,212.03,212.65,31746512,MSFT,2021-1
1/19/21,213.75,216.98,212.63,216.44,30480859,MSFT,2021-1
1/20/21,217.7,225.79,217.29,224.34,37777260,MSFT,2021-1
1/21/21,224.7,226.3,222.42,224.97,30749553,MSFT,2021-1
1/22/21,227.08,230.07,225.8,225.95,30172663,MSFT,2021-1
1/25/21,229.12,229.78,224.22,229.53,33152095,MSFT,2021-1
1/26/21,231.86,234.18,230.08,232.33,49169601,MSFT,2021-1
1/27/21,238,240.44,230.14,232.9,69870638,MSFT,2021-1
1/28/21,235.61,242.64,235.09,238.93,49111159,MSFT,2021-1
1/29/21,235.99,238.02,231.35,231.96,42503138,MSFT,2021-1
1/4/21,719.46,744.49,717.19,729.77,48638189,TSLA,2021-1
1/5/21,723.66,740.84,719.2,735.11,32245165,TSLA,2021-1
1/6/21,758.49,774,749.1,755.98,44699965,TSLA,2021-1
1/7/21,777.63,816.99,775.2,816.04,51498948,TSLA,2021-1
1/8/21,856,884.49,838.39,880.02,75055528,TSLA,2021-1
1/11/21,849.4,854.43,803.62,811.19,59554146,TSLA,2021-1
1/12/21,831,868,827.34,849.44,46270720,TSLA,2021-1
1/13/21,852.76,860.47,832,854.41,33312496,TSLA,2021-1
1/14/21,843.39,863,838.75,845,31266327,TSLA,2021-1
1/15/21,852,859.9,819.1,826.16,38777596,TSLA,2021-1
1/19/21,837.8,850,833,844.55,25366980,TSLA,2021-1
1/20/21,858.74,859.5,837.28,850.45,25665883,TSLA,2021-1
1/21/21,855,855.72,841.42,844.99,20598133,TSLA,2021-1
1/22/21,834.31,848,828.62,846.64,20066497,TSLA,2021-1
1/25/21,855,900.4,838.82,880.8,41173397,TSLA,2021-1
1/26/21,891.38,895.9,871.6,883.09,23131603,TSLA,2021-1
1/27/21,870.35,891.5,858.66,864.16,27333955,TSLA,2021-1
1/28/21,820,848,801,835.43,26378048,TSLA,2021-1
1/29/21,830,842.41,780.1,793.53,34990754,TSLA,2021-1
1/4/21,274.78,275,265.2,268.94,15106113,FB,2021-1
1/5/21,268.29,272.4,268.21,270.97,9871557,FB,2021-1
1/6/21,262,267.75,260.01,263.31,24354149,FB,2021-1
1/7/21,265.9,271.61,264.78,268.74,15789756,FB,2021-1
1/8/21,268.31,268.95,263.18,267.57,18528251,FB,2021-1
1/11/21,260.48,263.47,255.9,256.84,30412286,FB,2021-1
1/12/21,256.63,259.72,250.3,251.09,26449943,FB,2021-1
1/13/21,251.55,253.95,249.2,251.64,19528938,FB,2021-1
1/14/21,253.4,255.03,244.61,245.64,29739404,FB,2021-1
1/15/21,247.9,253.86,247.16,251.36,24942930,FB,2021-1
1/19/21,256.9,262.2,252.72,261.1,28028546,FB,2021-1
1/20/21,268.93,270.32,263.6,267.48,25199919,FB,2021-1
1/21/21,269.26,273.6,267.49,272.87,20838687,FB,2021-1
1/22/21,272.01,278.47,272,274.5,21954042,FB,2021-1
1/25/21,278.14,280.1,271.51,278.01,19086990,FB,2021-1
1/26/21,278.14,285.39,277.81,282.05,19373636,FB,2021-1
1/27/21,282.53,283.45,268.12,272.14,35346194,FB,2021-1
1/28/21,277.18,286.79,264.7,265,37758844,FB,2021-1
1/29/21,265.3,266.56,254.85,258.33,30389499,FB,2021-1
2/1/21,133.75,135.38,130.93,134.14,106239823,AAPL,2021-2
2/2/21,135.73,136.31,134.61,134.99,83305367,AAPL,2021-2
2/3/21,135.76,135.77,133.61,133.94,89880937,AAPL,2021-2
2/4/21,136.3,137.4,134.59,137.39,84183061,AAPL,2021-2
2/5/21,137.35,137.42,135.86,136.76,75693830,AAPL,2021-2
2/8/21,136.03,136.96,134.92,136.91,71297214,AAPL,2021-2
2/9/21,136.62,137.88,135.85,136.01,76774213,AAPL,2021-2
2/10/21,136.48,136.99,134.4,135.39,73046563,AAPL,2021-2
2/11/21,135.9,136.39,133.77,135.13,64280029,AAPL,2021-2
2/12/21,134.35,135.53,133.69,135.37,60145130,AAPL,2021-2
2/16/21,135.49,136.01,132.79,133.19,80576316,AAPL,2021-2
2/17/21,131.25,132.22,129.47,130.84,98085249,AAPL,2021-2
2/18/21,129.2,130,127.41,129.71,96856748,AAPL,2021-2
2/19/21,130.24,130.71,128.8,129.87,87668834,AAPL,2021-2
2/22/21,128.01,129.72,125.6,126,103916419,AAPL,2021-2
2/23/21,123.76,126.71,118.39,125.86,158273022,AAPL,2021-2
2/24/21,124.94,125.56,122.23,125.35,111039904,AAPL,2021-2
2/25/21,124.68,126.46,120.54,120.99,148199540,AAPL,2021-2
2/26/21,122.59,124.85,121.2,121.26,164560394,AAPL,2021-2
2/1/21,1853.57,1922.39,1850.93,1901.35,1602182,GOOG,2021-2
2/2/21,1922.56,1955.76,1914.49,1927.51,2273723,GOOG,2021-2
2/3/21,2073,2116.5,2018.38,2070.07,4118170,GOOG,2021-2
2/4/21,2068.89,2078.55,2042.59,2062.37,1852329,GOOG,2021-2
2/5/21,2070,2102.51,2059.33,2098,1535135,GOOG,2021-2
2/8/21,2105.91,2123.55,2072,2092.91,1242411,GOOG,2021-2
2/9/21,2078.54,2105.13,2078.54,2083.51,889850,GOOG,2021-2
2/10/21,2094.21,2108.37,2063.09,2095.38,1135464,GOOG,2021-2
2/11/21,2099.51,2102.03,2077.32,2095.89,945650,GOOG,2021-2
2/12/21,2090.25,2108.82,2083.13,2104.11,855865,GOOG,2021-2
2/16/21,2104.36,2152.68,2104.36,2121.9,1133838,GOOG,2021-2
2/17/21,2100,2133.66,2098.92,2128.31,1070941,GOOG,2021-2
2/18/21,2110.39,2132.74,2103.71,2117.2,1121855,GOOG,2021-2
2/19/21,2119.27,2130.53,2097.41,2101.14,1457612,GOOG,2021-2
2/22/21,2067,2091.42,2062.14,2064.88,1367533,GOOG,2021-2
2/23/21,2025.01,2082.01,2002.02,2070.86,1667377,GOOG,2021-2
2/24/21,2041.83,2100.78,2038.13,2095.17,1248349,GOOG,2021-2
2/25/21,2067.45,2094.88,2021.29,2031.36,1828432,GOOG,2021-2
2/26/21,2050.52,2071.01,2016.06,2036.86,2083801,GOOG,2021-2
2/1/21,235.06,242.5,232.43,239.65,33314193,MSFT,2021-2
2/2/21,241.3,242.31,238.69,239.51,25916337,MSFT,2021-2
2/3/21,239.57,245.09,239.26,243,27158104,MSFT,2021-2
2/4/21,242.66,243.24,240.37,242.01,25296100,MSFT,2021-2
2/5/21,242.23,243.28,240.42,242.2,18054752,MSFT,2021-2
2/8/21,243.15,243.68,240.81,242.47,22211929,MSFT,2021-2
2/9/21,241.87,244.76,241.38,243.77,23564953,MSFT,2021-2
2/10/21,245,245.92,240.89,242.82,22186706,MSFT,2021-2
2/11/21,244.78,245.15,242.15,244.49,15751059,MSFT,2021-2
2/12/21,243.93,245.3,242.73,244.99,16561079,MSFT,2021-2
2/16/21,245.03,246.13,242.92,243.7,26728490,MSFT,2021-2
2/17/21,241.32,244.31,240.94,244.2,21673109,MSFT,2021-2
2/18/21,241.8,243.93,240.86,243.79,16925563,MSFT,2021-2
2/19/21,243.75,243.86,240.18,240.97,25262600,MSFT,2021-2
2/22/21,237.42,237.93,232.4,234.51,36446936,MSFT,2021-2
2/23/21,230.33,234.83,228.73,233.27,30228704,MSFT,2021-2
2/24/21,230.01,235.2,229,234.55,26339746,MSFT,2021-2
2/25/21,232.08,234.59,227.88,228.99,39542235,MSFT,2021-2
2/26/21,231.53,235.37,229.54,232.38,37819227,MSFT,2021-2
2/1/21,814.29,842,795.56,839.81,25391385,TSLA,2021-2
2/2/21,844.68,880.5,842.2,872.79,24346213,TSLA,2021-2
2/3/21,877.02,878.08,853.06,854.69,18343510,TSLA,2021-2
2/4/21,855,856.5,833.42,849.99,15812661,TSLA,2021-2
2/5/21,845,864.77,838.97,852.23,18566637,TSLA,2021-2
2/8/21,869.67,877.77,854.75,863.42,20161719,TSLA,2021-2
2/9/21,855.12,859.8,841.75,849.46,15157651,TSLA,2021-2
2/10/21,843.64,844.82,800.02,804.82,36216090,TSLA,2021-2
2/11/21,812.44,829.88,801.73,811.66,21622753,TSLA,2021-2
2/12/21,801.26,817.33,785.33,816.12,23768313,TSLA,2021-2
2/16/21,818,821,792.44,796.22,19802324,TSLA,2021-2
2/17/21,779.09,799.84,762.01,798.15,26078898,TSLA,2021-2
2/18/21,780.9,794.69,776.27,787.38,17957058,TSLA,2021-2
2/19/21,795,796.79,777.37,781.3,18958255,TSLA,2021-2
2/22/21,762.64,768.5,710.2,714.5,37269716,TSLA,2021-2
2/23/21,662.13,713.61,619,698.84,66606882,TSLA,2021-2
2/24/21,711.85,745,694.17,742.02,36766950,TSLA,2021-2
2/25/21,726.15,737.21,670.58,682.22,39023855,TSLA,2021-2
2/26/21,700,706.7,659.51,675.5,41089173,TSLA,2021-2
2/1/21,259.52,264.17,254.91,262.01,22914255,FB,2021-2
2/2/21,264,268.85,263.27,267.08,17320788,FB,2021-2
2/3/21,265.62,269.2,263.84,266.65,14223377,FB,2021-2
2/4/21,267.01,268.16,264,266.49,16059958,FB,2021-2
2/5/21,266.8,269.17,265.67,268.1,12454367,FB,2021-2
2/8/21,268.75,269.86,265,266.58,13755191,FB,2021-2
2/9/21,266.44,273.39,265.75,269.45,14613375,FB,2021-2
2/10/21,272.45,273.8,267.72,271.87,14687152,FB,2021-2
2/11/21,271.89,273.58,268.49,270.39,12828572,FB,2021-2
2/12/21,270.52,271.18,268.34,270.5,9097597,FB,2021-2
2/16/21,270.8,276.6,270.05,273.97,15417243,FB,2021-2
2/17/21,271.24,273.97,269.58,273.57,12763240,FB,2021-2
2/18/21,269.57,271.95,266.03,269.39,15249134,FB,2021-2
2/19/21,269.86,270.27,260.15,261.56,25622587,FB,2021-2
2/22/21,257.95,263.07,257.53,260.33,17434873,FB,2021-2
2/23/21,259.5,267.46,254.96,265.86,21924557,FB,2021-2
2/24/21,262.33,266.38,258.39,264.31,15736123,FB,2021-2
2/25/21,262.3,266.94,254.04,254.69,19053142,FB,2021-2
2/26/21,256.47,265.55,256.47,257.62,26619517,FB,2021-2
3/1/21,123.75,127.93,122.79,127.79,116307892,AAPL,2021-3
3/2/21,128.41,128.72,125.01,125.12,102260945,AAPL,2021-3
3/3/21,124.81,125.71,121.84,122.06,112966340,AAPL,2021-3
3/4/21,121.75,123.6,118.62,120.13,178154975,AAPL,2021-3
3/5/21,120.98,121.94,117.57,121.42,153766601,AAPL,2021-3
3/8/21,120.93,121,116.21,116.36,154376610,AAPL,2021-3
3/9/21,119.03,122.06,118.79,121.09,129525780,AAPL,2021-3
3/10/21,121.69,122.17,119.45,119.98,111943326,AAPL,2021-3
3/11/21,122.54,123.21,121.26,121.96,103026514,AAPL,2021-3
3/12/21,120.4,121.17,119.16,121.03,88105050,AAPL,2021-3
3/15/21,121.41,124,120.42,123.99,92590555,AAPL,2021-3
3/16/21,125.7,127.22,124.72,125.57,115227936,AAPL,2021-3
3/17/21,124.05,125.86,122.34,124.76,111932636,AAPL,2021-3
3/18/21,122.88,123.18,120.32,120.53,121469755,AAPL,2021-3
3/19/21,119.9,121.43,119.68,119.99,185549522,AAPL,2021-3
3/22/21,120.33,123.87,120.26,123.39,111912284,AAPL,2021-3
3/23/21,123.33,124.24,122.14,122.54,95467142,AAPL,2021-3
3/24/21,122.82,122.9,120.07,120.09,88530485,AAPL,2021-3
3/25/21,119.54,121.66,119,120.59,98844681,AAPL,2021-3
3/26/21,120.35,121.48,118.92,121.21,94071234,AAPL,2021-3
3/29/21,121.65,122.58,120.73,121.39,80819203,AAPL,2021-3
3/30/21,120.11,120.4,118.86,119.9,85671919,AAPL,2021-3
3/31/21,121.65,123.52,121.15,122.15,118323826,AAPL,2021-3
3/1/21,2056.52,2086.52,2046.1,2081.51,1405115,GOOG,2021-3
3/2/21,2076.19,2104.37,2071.26,2075.84,1134595,GOOG,2021-3
3/3/21,2067.21,2088.52,2010,2026.71,1484181,GOOG,2021-3
3/4/21,2023.37,2089.24,2020.27,2049.09,2118006,GOOG,2021-3
3/5/21,2073.12,2118.11,2046.42,2108.54,2195218,GOOG,2021-3
3/8/21,2101.13,2128.81,2021.61,2024.17,1647429,GOOG,2021-3
3/9/21,2070,2078.04,2047.83,2052.7,1697306,GOOG,2021-3
3/10/21,2071.76,2075,2033.37,2055.03,1268592,GOOG,2021-3
3/11/21,2074.06,2125.7,2072.38,2114.77,1239080,GOOG,2021-3
3/12/21,2085,2090.26,2047.55,2061.92,1725794,GOOG,2021-3
3/15/21,2062.3,2067.06,2043.51,2066.49,1298325,GOOG,2021-3
3/16/21,2078.99,2123.56,2070,2092.52,1491564,GOOG,2021-3
3/17/21,2076.03,2109.78,2054,2091.08,1299016,GOOG,2021-3
3/18/21,2061,2075.5,2033.55,2036.22,1362430,GOOG,2021-3
3/19/21,2042.05,2053.1,2017.68,2043.2,2314893,GOOG,2021-3
3/22/21,2041.84,2057.99,2026.07,2038.59,1954816,GOOG,2021-3
3/23/21,2051.7,2072.3,2039.22,2052.96,1366997,GOOG,2021-3
3/24/21,2065.37,2078.21,2041.56,2045.06,1154029,GOOG,2021-3
3/25/21,2044.81,2058.87,2010.73,2044.36,1418907,GOOG,2021-3
3/26/21,2038.86,2050.99,2014.02,2035.55,1493800,GOOG,2021-3
3/29/21,2027.88,2058.43,2015.62,2055.95,1229777,GOOG,2021-3
3/30/21,2057.63,2070.78,2044.03,2055.54,1036774,GOOG,2021-3
3/31/21,2059.12,2093.33,2056.75,2068.63,1459930,GOOG,2021-3
3/1/21,235.9,237.47,233.15,236.94,25332837,MSFT,2021-3
3/2/21,237.01,237.3,233.45,233.87,22812459,MSFT,2021-3
3/3/21,232.16,233.58,227.26,227.56,34029526,MSFT,2021-3
3/4/21,226.74,232.49,224.26,226.73,44727785,MSFT,2021-3
3/5/21,229.52,233.27,226.46,231.6,41872770,MSFT,2021-3
3/8/21,231.37,233.37,227.13,227.39,35267440,MSFT,2021-3
3/9/21,232.88,235.38,231.67,233.78,33080531,MSFT,2021-3
3/10/21,237,237,232.04,232.42,29746812,MSFT,2021-3
3/11/21,234.96,239.17,234.31,237.13,29907586,MSFT,2021-3
3/12/21,234.01,235.82,233.23,235.75,22653662,MSFT,2021-3
3/15/21,234.96,235.19,231.81,234.81,26042669,MSFT,2021-3
3/16/21,236.28,240.06,235.94,237.71,28092196,MSFT,2021-3
3/17/21,236.15,238.55,233.23,237.04,29562100,MSFT,2021-3
3/18/21,232.56,234.19,230.33,230.72,34852251,MSFT,2021-3
3/19/21,231.02,232.47,229.35,230.35,46430730,MSFT,2021-3
3/22/21,230.27,236.9,230.14,235.99,30127005,MSFT,2021-3
3/23/21,237.49,241.05,237.07,237.58,31638376,MSFT,2021-3
3/24/21,237.85,238,235.32,235.46,25620127,MSFT,2021-3
3/25/21,235.3,236.94,231.57,232.34,34061853,MSFT,2021-3
3/26/21,231.55,236.71,231.55,236.48,25479853,MSFT,2021-3
3/29/21,236.59,236.8,231.88,235.24,25227455,MSFT,2021-3
3/30/21,233.53,233.85,231.1,231.85,24792012,MSFT,2021-3
3/31/21,232.91,239.1,232.39,235.77,43623471,MSFT,2021-3
3/1/21,690.11,872,685.05,718.43,27136239,TSLA,2021-3
3/2/21,718.28,721.11,685,686.44,23732158,TSLA,2021-3
3/3/21,687.99,700.7,651.71,653.2,30207960,TSLA,2021-3
3/4/21,655.8,873.94,600,621.44,65919530,TSLA,2021-3
3/5/21,626.06,627.84,539.49,597.95,89396459,TSLA,2021-3
3/8/21,600.55,620.13,558.79,563,51786958,TSLA,2021-3
3/9/21,608.18,678.09,595.21,673.58,67523328,TSLA,2021-3
3/10/21,700.3,717.85,655.06,668.06,60605672,TSLA,2021-3
3/11/21,699.4,702.5,677.18,699.6,36253892,TSLA,2021-3
3/12/21,670,694.88,666.14,693.73,33583840,TSLA,2021-3
3/15/21,694.09,713.18,684.04,707.94,29423479,TSLA,2021-3
3/16/21,703.35,707.92,671,676.88,32195672,TSLA,2021-3
3/17/21,656.87,703.73,651.01,701.81,40372453,TSLA,2021-3
3/18/21,684.29,689.23,652,653.16,33369022,TSLA,2021-3
3/19/21,646.6,657.23,624.62,654.87,42893978,TSLA,2021-3
3/22/21,684.59,699.62,668.75,670,39512221,TSLA,2021-3
3/23/21,675.77,677.8,657.51,662.16,30491870,TSLA,2021-3
3/24/21,667.91,668.02,630.11,630.27,33795174,TSLA,2021-3
3/25/21,613,645.5,609.5,640.39,39224850,TSLA,2021-3
3/26/21,641.87,643.82,599.89,618.71,33852827,TSLA,2021-3
3/29/21,615.64,616.48,596.02,611.29,28636985,TSLA,2021-3
3/30/21,601.75,637.66,591.01,635.62,39432359,TSLA,2021-3
3/31/21,646.62,672,641.11,667.93,33337288,TSLA,2021-3
3/1/21,260.82,266.65,257.9,264.91,22157255,FB,2021-3
3/2/21,265.78,266.71,258.65,259,15191722,FB,2021-3
3/3/21,260.29,260.99,255.1,255.41,15513515,FB,2021-3
3/4/21,256.47,266.49,253.5,257.64,31626463,FB,2021-3
3/5/21,260.67,265.45,255.61,264.28,26820055,FB,2021-3
3/8/21,265.55,265.58,255.05,255.31,18391768,FB,2021-3
3/9/21,261.18,268.53,259.81,265.74,22039740,FB,2021-3
3/10/21,268.64,268.97,262.87,264.9,14210318,FB,2021-3
3/11/21,268.11,277.9,267.82,273.88,21833979,FB,2021-3
3/12/21,269.14,269.74,264.02,268.4,20600198,FB,2021-3
3/15/21,269.08,275.96,268.5,273.75,16856746,FB,2021-3
3/16/21,276.08,282.14,274.8,279.28,22437665,FB,2021-3
3/17/21,275.71,286.23,275.41,284.01,21315044,FB,2021-3
3/18/21,279.87,285.19,278.28,278.62,18754853,FB,2021-3
3/19/21,281.22,292.8,281.2,290.11,38930536,FB,2021-3
3/22/21,290.45,299.71,286.75,293.54,28273073,FB,2021-3
3/23/21,293.15,298,289.81,290.63,23000929,FB,2021-3
3/24/21,291,291.72,281.16,282.14,18675046,FB,2021-3
3/25/21,280.98,288.06,277.75,278.74,24505648,FB,2021-3
3/26/21,278.3,284.5,277.77,283.02,17629185,FB,2021-3
3/29/21,285.77,293.18,284.7,290.82,21718831,FB,2021-3
3/30/21,289.83,292.47,286.7,288,17474537,FB,2021-3
3/31/21,289.99,296.5,288.61,294.53,19498157,FB,2021-3
4/1/21,123.66,124.18,122.49,123,75089134,AAPL,2021-4
4/5/21,123.87,126.16,123.07,125.9,88651175,AAPL,2021-4
4/6/21,126.5,127.13,125.65,126.21,80171253,AAPL,2021-4
4/7/21,125.83,127.92,125.14,127.9,83466716,AAPL,2021-4
4/8/21,128.95,130.39,128.52,130.36,88844591,AAPL,2021-4
4/9/21,129.8,133.04,129.47,133,106686703,AAPL,2021-4
4/12/21,132.52,132.85,130.63,131.24,91419983,AAPL,2021-4
4/13/21,132.44,134.66,131.93,134.43,91266545,AAPL,2021-4
4/14/21,134.94,135,131.66,132.03,87222782,AAPL,2021-4
4/15/21,133.82,135,133.64,134.5,89347102,AAPL,2021-4
4/16/21,134.3,134.67,133.28,134.16,84922386,AAPL,2021-4
4/19/21,133.51,135.47,133.34,134.84,94264215,AAPL,2021-4
4/20/21,135.02,135.53,131.81,133.11,94812349,AAPL,2021-4
4/21/21,132.36,133.75,131.3,133.5,68847136,AAPL,2021-4
4/22/21,133.04,134.15,131.41,131.94,84566456,AAPL,2021-4
4/23/21,132.16,135.12,132.16,134.32,78756779,AAPL,2021-4
4/26/21,134.83,135.06,133.56,134.72,66905069,AAPL,2021-4
4/27/21,135.01,135.41,134.11,134.39,66015804,AAPL,2021-4
4/28/21,134.31,135.02,133.08,133.58,107760097,AAPL,2021-4
4/29/21,136.47,137.07,132.45,133.48,151100953,AAPL,2021-4
4/30/21,131.78,133.56,131.07,131.46,109839466,AAPL,2021-4
4/1/21,2097.95,2142.94,2096.89,2137.75,1698978,GOOG,2021-4
4/5/21,2152.94,2237.31,2151.62,2225.55,2164875,GOOG,2021-4
4/6/21,2222.5,2237.66,2214.8,2224.75,1353036,GOOG,2021-4
4/7/21,2226.13,2255,2225.33,2249.68,1289861,GOOG,2021-4
4/8/21,2277.96,2284.01,2257.68,2265.44,1358259,GOOG,2021-4
4/9/21,2256.7,2289.04,2253.71,2285.88,1044365,GOOG,2021-4
4/12/21,2266.25,2275.32,2238.47,2254.79,1565851,GOOG,2021-4
4/13/21,2261.47,2277.21,2256.09,2267.27,1165804,GOOG,2021-4
4/14/21,2275.16,2277.99,2249.19,2254.84,1010967,GOOG,2021-4
4/15/21,2276.98,2306.6,2266,2296.66,1373612,GOOG,2021-4
4/16/21,2303,2306.44,2284.45,2297.76,1130090,GOOG,2021-4
4/19/21,2291.98,2318.45,2287.84,2302.4,1234445,GOOG,2021-4
4/20/21,2307.89,2309.6,2271.71,2293.63,1088749,GOOG,2021-4
4/21/21,2285.25,2295.32,2258.57,2293.29,1196731,GOOG,2021-4
4/22/21,2293.23,2303.76,2256.45,2267.92,1054808,GOOG,2021-4
4/23/21,2283.47,2325.82,2278.21,2315.3,1435162,GOOG,2021-4
4/26/21,2319.93,2341.26,2313.84,2326.74,1041650,GOOG,2021-4
4/27/21,2336,2337.45,2304.27,2307.12,1598583,GOOG,2021-4
4/28/21,2407.15,2452.38,2374.85,2379.91,2986439,GOOG,2021-4
4/29/21,2410.33,2436.52,2402.28,2429.89,1977677,GOOG,2021-4
4/30/21,2404.49,2427.14,2402.16,2410.12,1957130,GOOG,2021-4
4/1/21,238.47,242.84,238.05,242.35,30337982,MSFT,2021-4
4/5/21,242.76,249.96,242.7,249.07,36910609,MSFT,2021-4
4/6/21,247.61,249.4,246.88,247.86,22931923,MSFT,2021-4
4/7/21,247.81,250.93,247.19,249.9,22719835,MSFT,2021-4
4/8/21,252.77,254.14,252,253.25,23625197,MSFT,2021-4
4/9/21,252.87,255.99,252.44,255.85,24326833,MSFT,2021-4
4/12/21,254.71,257.67,254.62,255.91,27148668,MSFT,2021-4
4/13/21,257.26,259.19,256.83,258.49,23837469,MSFT,2021-4
4/14/21,257.48,258.83,255.16,255.59,23070938,MSFT,2021-4
4/15/21,257.93,259.93,257.73,259.5,25627481,MSFT,2021-4
4/16/21,259.47,261,257.6,260.74,24878582,MSFT,2021-4
4/19/21,260.19,261.48,257.82,258.74,23209260,MSFT,2021-4
4/20/21,257.82,260.2,256.84,258.26,19722875,MSFT,2021-4
4/21/21,258.94,260.68,257.25,260.58,24030383,MSFT,2021-4
4/22/21,260.21,261.78,255.64,257.17,25606152,MSFT,2021-4
4/23/21,257.88,261.51,257.27,261.15,21499286,MSFT,2021-4
4/26/21,261.66,262.44,260.17,261.55,19763346,MSFT,2021-4
4/27/21,261.58,263.19,260.12,261.97,31014213,MSFT,2021-4
4/28/21,256.08,256.54,252.95,254.56,46903119,MSFT,2021-4
4/29/21,255.46,256.1,249,252.51,40589023,MSFT,2021-4
4/30/21,249.74,253.08,249.6,252.18,30945098,MSFT,2021-4
4/1/21,688.37,692.42,659.42,661.75,35298378,TSLA,2021-4
4/5/21,707.71,708.16,684.7,691.05,41842767,TSLA,2021-4
4/6/21,690.3,696.55,681.37,691.62,28271839,TSLA,2021-4
4/7/21,687,691.38,667.84,670.97,26309433,TSLA,2021-4
4/8/21,677.38,689.55,671.65,683.8,23924329,TSLA,2021-4
4/9/21,677.77,680.97,669.43,677.02,21437087,TSLA,2021-4
4/12/21,685.7,704.8,682.09,701.98,29135670,TSLA,2021-4
4/13/21,712.7,763,710.66,762.32,44652808,TSLA,2021-4
4/14/21,770.7,780.79,728.03,732.23,49017434,TSLA,2021-4
4/15/21,743.1,743.69,721.31,738.85,27848900,TSLA,2021-4
4/16/21,728.65,749.41,724.6,739.78,27979526,TSLA,2021-4
4/19/21,719.6,725.4,691.8,714.63,39686226,TSLA,2021-4
4/20/21,717.42,737.25,710.69,718.99,35609038,TSLA,2021-4
4/21/21,704.77,744.84,698,744.12,31215514,TSLA,2021-4
4/22/21,741.5,753.77,718.04,719.69,35590255,TSLA,2021-4
4/23/21,719.8,737.36,715.46,729.4,28413889,TSLA,2021-4
4/26/21,741,749.3,732.61,738.2,31038502,TSLA,2021-4
4/27/21,717.96,724,703.35,704.74,29436995,TSLA,2021-4
4/28/21,696.41,708.5,693.6,694.4,22271047,TSLA,2021-4
4/29/21,699.51,702.25,668.5,677,28845449,TSLA,2021-4
4/30/21,667.59,715.47,666.14,709.44,40758722,TSLA,2021-4
4/1/21,298.4,302.4,296.6,298.66,17615980,FB,2021-4
4/5/21,300.89,310.77,300.68,308.91,28237006,FB,2021-4
4/6/21,308.84,311.35,305.25,306.26,17335246,FB,2021-4
4/7/21,306.34,314.25,305.5,313.09,22855241,FB,2021-4
4/8/21,314.85,315.88,310.05,313.02,20894148,FB,2021-4
4/9/21,311.4,314.74,310.33,312.46,15988568,FB,2021-4
4/12/21,311.05,312.15,307.93,311.54,10881935,FB,2021-4
4/13/21,312.21,314.43,309.32,309.76,14036927,FB,2021-4
4/14/21,307.3,308.03,301.95,302.82,17421393,FB,2021-4
4/15/21,306.34,310.14,304.1,307.82,14558273,FB,2021-4
4/16/21,308.17,308.95,304.61,306.18,13059163,FB,2021-4
4/19/21,305.01,307.7,300.56,302.24,14553507,FB,2021-4
4/20/21,301.99,305.1,297.21,302.65,16796442,FB,2021-4
4/21/21,301.95,301.98,297.39,301.47,14863474,FB,2021-4
4/22/21,301.33,302.92,296.04,296.52,16375350,FB,2021-4
4/23/21,298.76,302.59,297.15,301.13,17559498,FB,2021-4
4/26/21,303.34,305.8,301.56,303.04,16172593,FB,2021-4
4/27/21,304.28,305.34,301.11,303.57,15309256,FB,2021-4
4/28/21,307.36,310.92,305.37,307.1,33907210,FB,2021-4
4/29/21,330.12,331.81,321.61,329.51,56526771,FB,2021-4
4/30/21,326.14,329.82,324.5,325.08,26332423,FB,2021-4
5/3/21,132.04,134.07,131.83,132.54,75135100,AAPL,2021-5
5/4/21,131.19,131.49,126.7,127.85,137564718,AAPL,2021-5
5/5/21,129.2,130.45,127.97,128.1,84000900,AAPL,2021-5
5/6/21,127.89,129.75,127.13,129.74,78128334,AAPL,2021-5
5/7/21,130.85,131.26,129.48,130.21,78973273,AAPL,2021-5
5/10/21,129.41,129.54,126.81,126.85,88071229,AAPL,2021-5
5/11/21,123.5,126.27,122.77,125.91,126142826,AAPL,2021-5
5/12/21,123.4,124.64,122.25,122.77,112172282,AAPL,2021-5
5/13/21,124.58,126.15,124.26,124.97,105861339,AAPL,2021-5
5/14/21,126.25,127.89,125.85,127.45,81917951,AAPL,2021-5
5/17/21,126.82,126.93,125.17,126.27,74244624,AAPL,2021-5
5/18/21,126.56,126.99,124.78,124.85,63342929,AAPL,2021-5
5/19/21,123.16,124.92,122.86,124.69,92611989,AAPL,2021-5
5/20/21,125.23,127.72,125.1,127.31,76857123,AAPL,2021-5
5/21/21,127.82,128,125.21,125.43,79295436,AAPL,2021-5
5/24/21,126.01,127.94,125.94,127.1,63092945,AAPL,2021-5
5/25/21,127.82,128.32,126.32,126.9,72009482,AAPL,2021-5
5/26/21,126.96,127.39,126.42,126.85,56575920,AAPL,2021-5
5/27/21,126.44,127.64,125.08,125.28,94625601,AAPL,2021-5
5/28/21,125.57,125.8,124.55,124.61,71311109,AAPL,2021-5
5/3/21,2402.72,2419.7,2384.5,2395.17,1689389,GOOG,2021-5
5/4/21,2369.74,2379.26,2311.7,2354.25,1756015,GOOG,2021-5
5/5/21,2368.42,2382.2,2351.41,2356.74,1090275,GOOG,2021-5
5/6/21,2350.64,2382.71,2342.34,2381.35,1030859,GOOG,2021-5
5/7/21,2400,2416.41,2390,2398.69,1163892,GOOG,2021-5
5/10/21,2374.89,2378,2334.73,2341.66,1300271,GOOG,2021-5
5/11/21,2291.86,2322,2283,2308.76,1605548,GOOG,2021-5
5/12/21,2261.71,2285.37,2230.05,2239.08,1746664,GOOG,2021-5
5/13/21,2261.09,2276.6,2242.72,2261.97,1333508,GOOG,2021-5
5/14/21,2291.83,2321.14,2283.32,2316.16,1331248,GOOG,2021-5
5/17/21,2309.32,2323.34,2295,2321.41,992416,GOOG,2021-5
5/18/21,2336.91,2343.15,2303.16,2303.43,865119,GOOG,2021-5
5/19/21,2264.4,2316.76,2263.52,2308.71,967544,GOOG,2021-5
5/20/21,2328.04,2360.34,2321.09,2356.09,1191593,GOOG,2021-5
5/21/21,2365.99,2369,2342.37,2345.1,1141632,GOOG,2021-5
5/24/21,2367,2418.48,2360.11,2406.67,1062189,GOOG,2021-5
5/25/21,2420,2432.89,2402.99,2409.07,941928,GOOG,2021-5
5/26/21,2412.84,2442.94,2412.52,2433.53,1092819,GOOG,2021-5
5/27/21,2436.94,2440,2402,2402.51,1948113,GOOG,2021-5
5/28/21,2421.96,2428.14,2407.69,2411.56,1205382,GOOG,2021-5
5/3/21,253.4,254.35,251.12,251.86,19626568,MSFT,2021-5
5/4/21,250.97,251.21,245.76,247.79,32756052,MSFT,2021-5
5/5/21,249.06,249.5,245.82,246.47,21901325,MSFT,2021-5
5/6/21,246.45,249.86,244.69,249.73,26491085,MSFT,2021-5
5/7/21,252.15,254.3,251.17,252.46,27032912,MSFT,2021-5
5/10/21,250.87,251.73,247.12,247.18,29299890,MSFT,2021-5
5/11/21,244.55,246.6,242.57,246.23,33641589,MSFT,2021-5
5/12/21,242.17,244.38,238.07,239,36684370,MSFT,2021-5
5/13/21,241.8,245.6,241.42,243.03,29624298,MSFT,2021-5
5/14/21,245.58,249.18,245.49,248.15,23901081,MSFT,2021-5
5/17/21,246.55,246.59,243.52,245.18,24970168,MSFT,2021-5
5/18/21,246.27,246.41,242.9,243.08,20167975,MSFT,2021-5
5/19/21,239.31,243.23,238.6,243.12,25739807,MSFT,2021-5
5/20/21,243.96,247.95,243.86,246.48,21800716,MSFT,2021-5
5/21/21,247.57,248.33,244.74,245.17,21863058,MSFT,2021-5
5/24/21,247.79,251.16,247.51,250.78,21411547,MSFT,2021-5
5/25/21,251.77,252.75,250.82,251.72,17704303,MSFT,2021-5
5/26/21,251.43,252.94,250.75,251.49,17771600,MSFT,2021-5
5/27/21,251.17,251.48,249.25,249.31,24426244,MSFT,2021-5
5/28/21,251,252.08,249.56,249.68,18274942,MSFT,2021-5
5/3/21,703.8,706,680.5,684.9,27043143,TSLA,2021-5
5/4/21,678.94,683.45,657.7,673.6,29739319,TSLA,2021-5
5/5/21,681.06,685.3,667.34,670.94,21901894,TSLA,2021-5
5/6/21,680.76,681.02,650,663.54,27784619,TSLA,2021-5
5/7/21,665.8,690,660.22,672.37,23469172,TSLA,2021-5
5/10/21,664.9,665.05,627.61,629.04,31392417,TSLA,2021-5
5/11/21,599.24,627.1,595.6,617.2,46503896,TSLA,2021-5
5/12/21,602.49,620.41,586.77,589.89,33823646,TSLA,2021-5
5/13/21,601.54,606.46,559.65,571.69,44184916,TSLA,2021-5
5/14/21,583.41,592.87,570.46,589.74,33370856,TSLA,2021-5
5/17/21,575.55,589.73,561.2,576.83,32390360,TSLA,2021-5
5/18/21,568,596.25,563.38,577.87,36830567,TSLA,2021-5
5/19/21,552.55,566.21,546.98,563.46,39578395,TSLA,2021-5
5/20/21,575,588.85,571.07,586.78,30821119,TSLA,2021-5
5/21/21,596.11,596.68,580,580.88,26030595,TSLA,2021-5
5/24/21,581.6,614.48,573.65,606.44,34558089,TSLA,2021-5
5/25/21,607.31,613.99,595.71,604.69,28005933,TSLA,2021-5
5/26/21,607.56,626.17,601.5,619.13,28639305,TSLA,2021-5
5/27/21,620.24,631.13,616.21,630.85,26370593,TSLA,2021-5
5/28/21,628.5,635.59,622.38,625.22,22737038,TSLA,2021-5
5/3/21,326.17,328.55,321.84,322.58,18719462,FB,2021-5
5/4/21,320.02,322.19,313.12,318.36,24032557,FB,2021-5
5/5/21,318.19,321.06,314.49,315.02,15577605,FB,2021-5
5/6/21,314.52,320.24,313.27,320.02,19012241,FB,2021-5
5/7/21,322.38,322.94,318.75,319.08,15916743,FB,2021-5
5/10/21,314.35,314.58,304.83,305.97,24239170,FB,2021-5
5/11/21,300.75,306.84,299.69,306.53,18920086,FB,2021-5
5/12/21,301.13,304.96,298.19,302.55,24641010,FB,2021-5
5/13/21,306.08,308.86,302.77,305.26,18079160,FB,2021-5
5/14/21,309.54,316.85,309.08,315.94,19245724,FB,2021-5
5/17/21,313.55,315.68,311.58,315.46,15401343,FB,2021-5
5/18/21,315.59,316.5,309.81,309.96,14522403,FB,2021-5
5/19/21,304.19,314.66,303.57,313.59,19106244,FB,2021-5
5/20/21,313.58,319.25,313.16,318.61,17320241,FB,2021-5
5/21/21,319.29,319.93,315.81,316.23,13600901,FB,2021-5
5/24/21,318.21,325.95,318.03,324.63,16445356,FB,2021-5
5/25/21,327.08,329.18,324.8,327.79,16436965,FB,2021-5
5/26/21,328.35,329.83,325.82,327.66,9686917,FB,2021-5
5/27/21,328,333.78,326.76,332.75,20477726,FB,2021-5
5/28/21,331,332.87,328.33,328.73,12037430,FB,2021-5
6/1/21,125.08,125.35,123.94,124.28,67637118,AAPL,2021-6
6/2/21,124.28,125.24,124.05,125.06,59278862,AAPL,2021-6
6/3/21,124.68,124.85,123.13,123.54,76229170,AAPL,2021-6
6/4/21,124.07,126.16,123.85,125.89,75169343,AAPL,2021-6
6/7/21,126.17,126.32,124.83,125.9,71057550,AAPL,2021-6
6/8/21,126.6,128.46,126.21,126.74,74403774,AAPL,2021-6
6/9/21,127.21,127.75,126.52,127.13,56877937,AAPL,2021-6
6/10/21,127.02,128.19,125.94,126.11,71186421,AAPL,2021-6
6/11/21,126.53,127.44,126.1,127.35,53522373,AAPL,2021-6
6/14/21,127.82,130.54,127.07,130.48,96906490,AAPL,2021-6
6/15/21,129.94,130.6,129.39,129.64,62746332,AAPL,2021-6
6/16/21,130.37,130.89,128.46,130.15,91815026,AAPL,2021-6
6/17/21,129.8,132.55,129.65,131.79,96721669,AAPL,2021-6
6/18/21,130.71,131.51,130.24,130.46,108953309,AAPL,2021-6
6/21/21,130.3,132.41,129.21,132.3,79663316,AAPL,2021-6
6/22/21,132.13,134.08,131.62,133.98,74783618,AAPL,2021-6
6/23/21,133.77,134.32,133.23,133.7,60214200,AAPL,2021-6
6/24/21,134.45,134.64,132.93,133.41,68710998,AAPL,2021-6
6/25/21,133.46,133.89,132.81,133.11,70783746,AAPL,2021-6
6/28/21,133.41,135.25,133.35,134.78,62111303,AAPL,2021-6
6/29/21,134.8,136.49,134.35,136.33,64556081,AAPL,2021-6
6/30/21,136.17,137.41,135.87,136.96,63261393,AAPL,2021-6
6/1/21,2422,2437.97,2404.88,2429.81,958289,GOOG,2021-6
6/2/21,2435.31,2442,2404.2,2421.28,858105,GOOG,2021-6
6/3/21,2395.02,2409.75,2382.83,2404.61,917291,GOOG,2021-6
6/4/21,2422.52,2453.86,2417.77,2451.76,1297434,GOOG,2021-6
6/7/21,2451.32,2468,2441.07,2466.09,1192453,GOOG,2021-6
6/8/21,2479.9,2494.5,2468.24,2482.85,1253253,GOOG,2021-6
6/9/21,2499.5,2505,2487.33,2491.4,1006337,GOOG,2021-6
6/10/21,2494.01,2523.26,2494,2521.6,1561733,GOOG,2021-6
6/11/21,2524.92,2526.99,2498.29,2513.93,1262309,GOOG,2021-6
6/14/21,2513.39,2528.23,2500.94,2527.04,1127522,GOOG,2021-6
6/15/21,2530.44,2537.24,2512.97,2520.66,1109130,GOOG,2021-6
6/16/21,2524.95,2530.47,2483,2513.93,1315838,GOOG,2021-6
6/17/21,2510.46,2543.93,2510.3,2527.42,1287791,GOOG,2021-6
6/18/21,2514.11,2527.78,2492.06,2511.35,2665310,GOOG,2021-6
6/21/21,2514.8,2540.73,2502.69,2529.1,1312826,GOOG,2021-6
6/22/21,2529,2545.4,2520.53,2539.99,1049310,GOOG,2021-6
6/23/21,2531,2555.92,2525.04,2529.23,984658,GOOG,2021-6
6/24/21,2541.07,2550.71,2539.2,2545.64,946662,GOOG,2021-6
6/25/21,2539.14,2550.1,2528.88,2539.9,1674297,GOOG,2021-6
6/28/21,2540,2546.74,2519.48,2536.39,1405543,GOOG,2021-6
6/29/21,2535.45,2540,2508.74,2520.37,1047478,GOOG,2021-6
6/30/21,2513.07,2516,2495.15,2506.32,1200478,GOOG,2021-6
6/1/21,251.23,251.29,246.96,247.4,23213310,MSFT,2021-6
6/2/21,248.13,249.27,245.84,247.3,19406705,MSFT,2021-6
6/3/21,245.22,246.34,243,245.71,25307711,MSFT,2021-6
6/4/21,247.76,251.65,247.51,250.79,25281094,MSFT,2021-6
6/7/21,249.98,254.09,249.81,253.81,23079167,MSFT,2021-6
6/8/21,255.16,256.01,252.51,252.57,22454998,MSFT,2021-6
6/9/21,253.81,255.53,253.21,253.59,17937634,MSFT,2021-6
6/10/21,254.29,257.46,253.67,257.24,24563619,MSFT,2021-6
6/11/21,257.99,258.49,256.61,257.89,18999731,MSFT,2021-6
6/14/21,257.9,259.95,256.8,259.89,19150507,MSFT,2021-6
6/15/21,259.77,259.99,257.68,258.36,18038931,MSFT,2021-6
6/16/21,259.4,260.58,254.42,257.38,27219956,MSFT,2021-6
6/17/21,256.07,261.75,256.01,260.9,27565537,MSFT,2021-6
6/18/21,259.63,262.3,258.75,259.43,37202217,MSFT,2021-6
6/21/21,259.82,263.52,257.92,262.63,26696119,MSFT,2021-6
6/22/21,262.72,265.79,262.4,265.51,24694090,MSFT,2021-6
6/23/21,265.99,266.83,264.43,265.27,19518681,MSFT,2021-6
6/24/21,266.16,267.85,265.47,266.69,21446867,MSFT,2021-6
6/25/21,266.23,267.25,264.76,265.02,25611113,MSFT,2021-6
6/28/21,266.19,268.9,265.91,268.72,19590024,MSFT,2021-6
6/29/21,268.87,271.65,267.98,271.4,19937811,MSFT,2021-6
6/30/21,270.69,271.36,269.6,270.9,21656457,MSFT,2021-6
6/1/21,627.8,633.8,620.55,623.9,18084890,TSLA,2021-6
6/2/21,620.13,623.36,599.14,605.12,23302779,TSLA,2021-6
6/3/21,601.8,604.55,571.22,572.84,30111893,TSLA,2021-6
6/4/21,579.71,600.61,577.2,599.05,24036896,TSLA,2021-6
6/7/21,591.83,610,582.88,605.13,22543682,TSLA,2021-6
6/8/21,623.01,623.09,595.5,603.59,26053405,TSLA,2021-6
6/9/21,602.17,611.79,597.63,598.78,16584566,TSLA,2021-6
6/10/21,603.88,616.59,600.5,610.12,23919606,TSLA,2021-6
6/11/21,610.23,612.56,601.52,609.89,16205303,TSLA,2021-6
6/14/21,612.23,625.49,609.18,617.69,20423983,TSLA,2021-6
6/15/21,616.69,616.79,598.23,599.36,17764145,TSLA,2021-6
6/16/21,597.54,608.5,593.5,604.87,22144127,TSLA,2021-6
6/17/21,601.89,621.47,601.34,616.6,22701350,TSLA,2021-6
6/18/21,613.37,628.35,611.8,623.31,24560905,TSLA,2021-6
6/21/21,624.48,631.39,608.88,620.83,24812741,TSLA,2021-6
6/22/21,618.25,628.57,615.5,623.71,19158892,TSLA,2021-6
6/23/21,632,657.2,630.04,656.57,31099228,TSLA,2021-6
6/24/21,674.99,697.62,667.61,679.82,45982386,TSLA,2021-6
6/25/21,689.58,693.81,668.7,671.87,32496707,TSLA,2021-6
6/28/21,671.64,694.7,670.32,688.72,21628159,TSLA,2021-6
6/29/21,684.65,687.51,675.89,680.76,17381313,TSLA,2021-6
6/30/21,679.77,692.81,678.14,679.7,18924862,TSLA,2021-6
6/1/21,330.15,331.42,326.64,329.13,11765906,FB,2021-6
6/2/21,330.38,331.87,327.12,329.15,11654275,FB,2021-6
6/3/21,325.78,327.38,323.48,326.04,12610788,FB,2021-6
6/4/21,325.9,332.46,325.18,330.35,13289383,FB,2021-6
6/7/21,329.48,337.69,328.93,336.58,20136707,FB,2021-6
6/8/21,336.7,338.3,332.24,333.68,14580464,FB,2021-6
6/9/21,335.74,336.8,330,330.25,13727946,FB,2021-6
6/10/21,330.79,333.94,328.55,332.46,13240229,FB,2021-6
6/11/21,332.58,332.83,328.93,331.26,13587916,FB,2021-6
6/14/21,331.9,336.82,329.81,336.77,12250799,FB,2021-6
6/15/21,336.99,339.92,335.03,336.75,15795226,FB,2021-6
6/16/21,336.7,337.55,328.72,331.08,17232157,FB,2021-6
6/17/21,330.49,337.98,330.15,336.51,17794080,FB,2021-6
6/18/21,334.53,336.15,329,329.66,23039457,FB,2021-6
6/21/21,331.09,332.92,327.65,332.29,11337522,FB,2021-6
6/22/21,332.69,339.92,332.6,339.03,15345299,FB,2021-6
6/23/21,339.35,343.42,338.2,340.59,14817824,FB,2021-6
6/24/21,341.85,344.9,341.79,343.18,12329096,FB,2021-6
6/25/21,342.59,344.12,339.68,341.37,14594444,FB,2021-6
6/28/21,342.46,358.14,341.77,355.64,29156132,FB,2021-6
6/29/21,356.27,356.74,349.05,351.89,21417305,FB,2021-6
6/30/21,352.17,352.92,347.17,347.71,15107514,FB,2021-6
7/1/21,136.6,137.33,135.76,137.27,52485781,AAPL,2021-7
7/2/21,137.9,140,137.75,139.96,78945572,AAPL,2021-7
7/6/21,140.07,143.15,140.07,142.02,108181793,AAPL,2021-7
7/7/21,143.54,144.89,142.66,144.57,104911589,AAPL,2021-7
7/8/21,141.58,144.06,140.67,143.24,105575458,AAPL,2021-7
7/9/21,142.75,145.65,142.65,145.11,99890800,AAPL,2021-7
7/12/21,146.21,146.32,144,144.5,76299719,AAPL,2021-7
7/13/21,144.03,147.46,143.63,145.64,100827099,AAPL,2021-7
7/14/21,148.1,149.57,147.68,149.15,127050785,AAPL,2021-7
7/15/21,149.24,150,147.09,148.48,106820297,AAPL,2021-7
7/16/21,148.46,149.76,145.88,146.39,93251426,AAPL,2021-7
7/19/21,143.75,144.07,141.67,142.45,121434571,AAPL,2021-7
7/20/21,143.46,147.1,142.96,146.15,96350036,AAPL,2021-7
7/21/21,145.53,146.13,144.63,145.4,74993460,AAPL,2021-7
7/22/21,145.94,148.2,145.81,146.8,77338156,AAPL,2021-7
7/23/21,147.55,148.72,146.92,148.56,71447416,AAPL,2021-7
7/26/21,148.27,149.83,147.7,148.99,72434089,AAPL,2021-7
7/27/21,149.12,149.21,145.55,146.77,104818578,AAPL,2021-7
7/28/21,144.81,146.97,142.54,144.98,118931191,AAPL,2021-7
7/29/21,144.69,146.55,144.58,145.64,56699475,AAPL,2021-7
7/30/21,144.38,146.33,144.11,145.86,70440626,AAPL,2021-7
7/1/21,2497,2529.25,2497,2527.37,856230,GOOG,2021-7
7/2/21,2536.79,2576.96,2535.38,2574.38,1058256,GOOG,2021-7
7/6/21,2588.99,2597.69,2568.18,2595.42,1067517,GOOG,2021-7
7/7/21,2606.82,2612.8,2595.2,2601.55,834186,GOOG,2021-7
7/8/21,2565,2600.65,2560.8,2583.54,988975,GOOG,2021-7
7/9/21,2578.89,2596.99,2578.87,2591.49,755466,GOOG,2021-7
7/12/21,2596.67,2615.4,2592,2611.28,847546,GOOG,2021-7
7/13/21,2617.63,2640.84,2612.74,2619.89,830898,GOOG,2021-7
7/14/21,2638.03,2659.92,2637.96,2641.65,895927,GOOG,2021-7
7/15/21,2650,2651.9,2611.96,2625.33,829316,GOOG,2021-7
7/16/21,2632.82,2643.66,2616.43,2636.91,743059,GOOG,2021-7
7/19/21,2623.11,2624.94,2570.74,2585.08,1285466,GOOG,2021-7
7/20/21,2600.08,2640.03,2583.77,2622.03,954156,GOOG,2021-7
7/21/21,2615.74,2652.35,2612.03,2652.01,737082,GOOG,2021-7
7/22/21,2653,2670.09,2648,2666.57,680407,GOOG,2021-7
7/23/21,2705.2,2776.17,2694.01,2756.32,1318887,GOOG,2021-7
7/26/21,2765,2794.26,2753.02,2792.89,1152623,GOOG,2021-7
7/27/21,2800.22,2800.22,2702,2735.93,2108153,GOOG,2021-7
7/28/21,2771.24,2793.52,2727,2727.63,2734417,GOOG,2021-7
7/29/21,2727.61,2743.03,2722.76,2730.81,964167,GOOG,2021-7
7/30/21,2710.22,2715.43,2696.28,2704.42,1197725,GOOG,2021-7
7/1/21,269.61,271.84,269.6,271.6,16725323,MSFT,2021-7
7/2/21,272.82,278,272.5,277.65,26474408,MSFT,2021-7
7/6/21,278.03,279.37,274.3,277.66,31565560,MSFT,2021-7
7/7/21,279.4,280.69,277.15,279.93,23260031,MSFT,2021-7
7/8/21,276.9,278.73,274.87,277.42,24618591,MSFT,2021-7
7/9/21,275.72,278.05,275.32,277.94,23916665,MSFT,2021-7
7/12/21,279.16,279.77,276.58,277.32,18931695,MSFT,2021-7
7/13/21,277.52,282.85,277.39,280.98,26120128,MSFT,2021-7
7/14/21,282.35,283.66,280.55,282.51,23113662,MSFT,2021-7
7/15/21,282,282.51,279.83,281.03,22604227,MSFT,2021-7
7/16/21,282.07,284.1,279.46,280.75,26186848,MSFT,2021-7
7/19/21,278.93,280.37,274.45,277.01,32935634,MSFT,2021-7
7/20/21,278.03,280.97,276.26,279.32,26259741,MSFT,2021-7
7/21/21,278.9,281.52,277.29,281.4,24364320,MSFT,2021-7
7/22/21,283.84,286.42,283.42,286.14,23384059,MSFT,2021-7
7/23/21,287.37,289.99,286.5,289.67,22768071,MSFT,2021-7
7/26/21,289,289.69,286.64,289.05,23176073,MSFT,2021-7
7/27/21,289.43,289.58,282.95,286.54,33604073,MSFT,2021-7
7/28/21,288.99,290.15,283.83,286.22,33566853,MSFT,2021-7
7/29/21,286.24,288.62,286.08,286.5,18168294,MSFT,2021-7
7/30/21,285.17,286.66,283.91,284.91,20944846,MSFT,2021-7
7/1/21,683.92,687.99,672.8,677.92,18634522,TSLA,2021-7
7/2/21,678.98,700,673.26,678.9,27097374,TSLA,2021-7
7/6/21,681.71,684,651.4,659.58,23284450,TSLA,2021-7
7/7/21,664.27,665.7,638.32,644.65,18791960,TSLA,2021-7
7/8/21,628.37,654.43,620.46,652.81,22773316,TSLA,2021-7
7/9/21,653.18,658.91,644.69,656.95,18140548,TSLA,2021-7
7/12/21,662.2,687.24,662.16,685.7,25927042,TSLA,2021-7
7/13/21,686.32,693.28,666.3,668.54,20966092,TSLA,2021-7
7/14/21,670.75,678.61,652.84,653.38,21641190,TSLA,2021-7
7/15/21,658.39,666.14,637.88,650.6,20209571,TSLA,2021-7
7/16/21,654.68,656.7,642.2,644.22,16370970,TSLA,2021-7
7/19/21,629.89,647.2,621.29,646.22,21297090,TSLA,2021-7
7/20/21,651.99,662.39,640.5,660.5,15487127,TSLA,2021-7
7/21/21,659.61,664.86,650.29,655.29,13953338,TSLA,2021-7
7/22/21,656.44,662.17,644.6,649.26,15105727,TSLA,2021-7
7/23/21,646.36,648.8,637.3,643.38,14604944,TSLA,2021-7
7/26/21,650.97,668.2,647.11,657.62,25336556,TSLA,2021-7
7/27/21,663.4,666.5,627.24,644.78,32813290,TSLA,2021-7
7/28/21,647,654.97,639.4,646.98,16006596,TSLA,2021-7
7/29/21,649.79,683.69,648.8,677.35,30394637,TSLA,2021-7
7/30/21,671.76,697.53,669,687.2,29656411,TSLA,2021-7
7/1/21,346.82,354.67,346.5,354.39,17137021,FB,2021-7
7/2/21,355.1,356.44,352.62,354.7,11524614,FB,2021-7
7/6/21,356.5,358.79,349.18,352.78,13488455,FB,2021-7
7/7/21,355.26,356.49,350,350.49,14218866,FB,2021-7
7/8/21,345.73,348.33,342.56,345.65,14406457,FB,2021-7
7/9/21,345.32,350.71,345.27,350.42,13018694,FB,2021-7
7/12/21,351.23,354.19,349.64,353.16,10018624,FB,2021-7
7/13/21,351.5,358.49,348.8,352.09,11455963,FB,2021-7
7/14/21,354.56,355.2,346.73,347.63,13894221,FB,2021-7
7/15/21,349.23,349.23,340.22,344.46,14781594,FB,2021-7
7/16/21,344.91,345.99,340.14,341.16,11026093,FB,2021-7
7/19/21,337.57,339.79,334.54,336.95,14372345,FB,2021-7
7/20/21,338.8,343.45,334.5,341.66,11024277,FB,2021-7
7/21/21,341.5,346.52,341.25,346.23,9279657,FB,2021-7
7/22/21,346.68,351.54,345.21,351.19,12385441,FB,2021-7
7/23/21,360.91,375.33,357.19,369.79,33694328,FB,2021-7
7/26/21,369.58,374.44,368.22,372.46,14925222,FB,2021-7
7/27/21,371.91,373.15,364.55,367.81,15705447,FB,2021-7
7/28/21,374.56,377.55,366.93,373.28,29676910,FB,2021-7
7/29/21,361,365.52,356.74,358.32,33413244,FB,2021-7
7/30/21,354,360.73,352.94,356.3,15976179,FB,2021-7
8/2/21,146.36,146.95,145.25,145.52,62879961,AAPL,2021-8
8/3/21,145.81,148.04,145.18,147.36,64786618,AAPL,2021-8
8/4/21,147.27,147.79,146.28,146.95,56368271,AAPL,2021-8
8/5/21,146.98,147.84,146.17,147.06,46397674,AAPL,2021-8
8/6/21,146.35,147.11,145.63,146.14,54126813,AAPL,2021-8
8/9/21,146.2,146.7,145.52,146.09,48908689,AAPL,2021-8
8/10/21,146.44,147.71,145.3,145.6,69023081,AAPL,2021-8
8/11/21,146.05,146.72,145.53,145.86,48493463,AAPL,2021-8
8/12/21,146.19,149.05,145.84,148.89,73779113,AAPL,2021-8
8/13/21,148.97,149.44,148.27,149.1,59375009,AAPL,2021-8
8/16/21,148.54,151.19,146.47,151.12,103558782,AAPL,2021-8
8/17/21,150.23,151.68,149.09,150.19,92229735,AAPL,2021-8
8/18/21,149.8,150.72,146.15,146.36,86325990,AAPL,2021-8
8/19/21,145.03,148,144.5,146.7,86960310,AAPL,2021-8
8/20/21,147.44,148.5,146.78,148.19,60549630,AAPL,2021-8
8/23/21,148.31,150.19,147.89,149.71,60131810,AAPL,2021-8
8/24/21,149.45,150.86,149.15,149.62,48606428,AAPL,2021-8
8/25/21,149.81,150.32,147.8,148.36,58991297,AAPL,2021-8
8/26/21,148.35,149.12,147.51,147.54,48597195,AAPL,2021-8
8/27/21,147.48,148.75,146.83,148.6,55802388,AAPL,2021-8
8/30/21,149,153.49,148.61,153.12,90956723,AAPL,2021-8
8/31/21,152.66,152.8,151.29,151.83,86453117,AAPL,2021-8
8/2/21,2709.69,2720.41,2693.39,2719.79,1007002,GOOG,2021-8
8/3/21,2720,2726.71,2683.67,2725.6,953200,GOOG,2021-8
8/4/21,2724.99,2730.76,2708.3,2720.57,826357,GOOG,2021-8
8/5/21,2720.57,2739,2712,2738.8,593589,GOOG,2021-8
8/6/21,2725.9,2741.6,2720.93,2740.72,678251,GOOG,2021-8
8/9/21,2738.98,2766.43,2728.58,2760.04,618978,GOOG,2021-8
8/10/21,2761.59,2771.03,2744.53,2761.93,801954,GOOG,2021-8
8/11/21,2765.66,2776.96,2747,2753.79,760483,GOOG,2021-8
8/12/21,2754.26,2768.36,2735.58,2767.79,732470,GOOG,2021-8
8/13/21,2767.15,2773.48,2760.1,2768.12,629029,GOOG,2021-8
8/16/21,2760,2779.81,2723.32,2778.32,902542,GOOG,2021-8
8/17/21,2763.82,2774.37,2735.75,2746.01,1063701,GOOG,2021-8
8/18/21,2742.31,2765.88,2728.42,2731.4,746723,GOOG,2021-8
8/19/21,2709.35,2749.04,2707.12,2738.27,914796,GOOG,2021-8
8/20/21,2741.66,2772.29,2729.34,2768.74,778337,GOOG,2021-8
8/23/21,2779.97,2843.54,2774.96,2821.99,1054484,GOOG,2021-8
8/24/21,2830.87,2860.15,2827.07,2847.97,756313,GOOG,2021-8
8/25/21,2857.66,2866.26,2848.79,2859,642153,GOOG,2021-8
8/26/21,2852.37,2862.7,2841.83,2842.46,746100,GOOG,2021-8
8/27/21,2842.25,2900.22,2840.4,2891.01,1228412,GOOG,2021-8
8/30/21,2894.09,2929.79,2892,2909.39,845795,GOOG,2021-8
8/31/21,2917.69,2922.24,2900,2909.24,1337821,GOOG,2021-8
8/2/21,286.36,286.77,283.74,284.82,16267357,MSFT,2021-8
8/3/21,285.42,287.23,284,287.12,17879048,MSFT,2021-8
8/4/21,286.22,287.59,284.65,286.51,16191301,MSFT,2021-8
8/5/21,286.88,289.63,286.1,289.52,13900167,MSFT,2021-8
8/6/21,288.51,289.5,287.62,289.46,16589336,MSFT,2021-8
8/9/21,289.75,291.55,287.81,288.33,16117629,MSFT,2021-8
8/10/21,288.8,289.25,285.2,286.44,18616578,MSFT,2021-8
8/11/21,287.21,288.66,285.86,286.95,13955934,MSFT,2021-8
8/12/21,286.63,289.97,286.34,289.81,14570391,MSFT,2021-8
8/13/21,289.48,292.9,289.3,292.85,18249046,MSFT,2021-8
8/16/21,293.19,294.82,290.02,294.6,22516027,MSFT,2021-8
8/17/21,292.39,293.43,291.08,293.08,20075250,MSFT,2021-8
8/18/21,292.04,294.82,290.27,290.73,21812985,MSFT,2021-8
8/19/21,288.69,297.47,288.64,296.77,29850461,MSFT,2021-8
8/20/21,299.72,305.84,298.06,304.36,40817646,MSFT,2021-8
8/23/21,303.25,305.4,301.85,304.65,22830157,MSFT,2021-8
8/24/21,305.02,305.65,302,302.62,18175774,MSFT,2021-8
8/25/21,304.3,304.59,300.42,302.01,20006057,MSFT,2021-8
8/26/21,300.99,302.43,298.95,299.09,17666084,MSFT,2021-8
8/27/21,298.99,300.87,296.83,299.72,22605726,MSFT,2021-8
8/30/21,301.12,304.22,301.06,303.59,16348072,MSFT,2021-8
8/31/21,304.42,304.5,301.5,301.88,26285338,MSFT,2021-8
8/2/21,700,726.94,698.4,709.67,33615765,TSLA,2021-8
8/3/21,719,722.65,701.01,709.74,21620253,TSLA,2021-8
8/4/21,711,724.9,708.93,710.92,17002647,TSLA,2021-8
8/5/21,716,720.95,711.41,714.63,12919637,TSLA,2021-8
8/6/21,711.9,716.33,697.63,699.1,15623049,TSLA,2021-8
8/9/21,710.17,719.03,705.13,713.76,14715349,TSLA,2021-8
8/10/21,713.99,716.59,701.88,709.99,13432305,TSLA,2021-8
8/11/21,712.71,715.18,704.21,707.82,9800558,TSLA,2021-8
8/12/21,706.34,722.8,699.4,722.25,17681686,TSLA,2021-8
8/13/21,723.71,729.9,714.34,717.17,16731467,TSLA,2021-8
8/16/21,705.07,709.5,676.4,686.17,23103303,TSLA,2021-8
8/17/21,672.66,674.58,648.84,665.71,23721279,TSLA,2021-8
8/18/21,669.75,695.77,669.35,688.99,20349375,TSLA,2021-8
8/19/21,678.21,686.55,667.59,673.47,14313486,TSLA,2021-8
8/20/21,682.85,692.13,673.7,680.26,14841865,TSLA,2021-8
8/23/21,685.44,712.13,680.75,706.3,20264859,TSLA,2021-8
8/24/21,710.68,715.22,702.64,708.49,13083071,TSLA,2021-8
8/25/21,707.03,716.97,704,711.2,12645562,TSLA,2021-8
8/26/21,708.31,715.4,697.62,701.16,13214292,TSLA,2021-8
8/27/21,705,715,702.1,711.92,13833763,TSLA,2021-8
8/30/21,714.72,731,712.73,730.91,18604220,TSLA,2021-8
8/31/21,733,740.39,726.44,735.72,20855436,TSLA,2021-8
8/2/21,358.1,359.4,350.74,351.95,13180439,FB,2021-8
8/3/21,352.73,353.77,347.7,351.24,12406054,FB,2021-8
8/4/21,352.42,360.48,351.51,358.92,14180572,FB,2021-8
8/5/21,359.64,363.9,356.9,362.97,10247207,FB,2021-8
8/6/21,361.4,365.15,361.4,363.51,8925017,FB,2021-8
8/9/21,363.76,365.78,360.75,361.61,7798872,FB,2021-8
8/10/21,361.83,364.1,359.04,361.13,7469878,FB,2021-8
8/11/21,362.1,362.36,357.81,359.96,8400332,FB,2021-8
8/12/21,358.45,363,357.11,362.65,7175206,FB,2021-8
8/13/21,362.97,364.66,361.48,363.18,7195724,FB,2021-8
8/16/21,362.52,366.95,357.38,366.56,11232269,FB,2021-8
8/17/21,362.98,364.67,355.07,358.45,12328737,FB,2021-8
8/18/21,356.25,359.86,355.15,355.45,10042381,FB,2021-8
8/19/21,351.35,357.57,351,355.12,12004535,FB,2021-8
8/20/21,354.6,359.99,353.31,359.37,8697667,FB,2021-8
8/23/21,359.44,365.69,359.1,363.35,10942007,FB,2021-8
8/24/21,363.66,367.96,361.84,365.51,9235148,FB,2021-8
8/25/21,365.6,370.86,365.4,368.39,9684519,FB,2021-8
8/26/21,368.38,369.44,364.13,364.38,7888683,FB,2021-8
8/27/21,365.1,373.74,364.08,372.63,11219142,FB,2021-8
8/30/21,372.56,381.49,370.52,380.66,13547261,FB,2021-8
8/31/21,379.95,382.76,378.8,379.38,12345350,FB,2021-8
9/1/21,152.83,154.98,152.34,152.51,80313711,AAPL,2021-9
9/2/21,153.87,154.72,152.4,153.65,71171317,AAPL,2021-9
9/3/21,153.76,154.63,153.09,154.3,57866066,AAPL,2021-9
9/7/21,154.97,157.26,154.39,156.69,82278261,AAPL,2021-9
9/8/21,156.98,157.04,153.98,155.11,74420207,AAPL,2021-9
9/9/21,155.49,156.11,153.95,154.07,57305730,AAPL,2021-9
9/10/21,155,155.48,148.7,148.97,140893235,AAPL,2021-9
9/13/21,150.63,151.42,148.75,149.55,102404329,AAPL,2021-9
9/14/21,150.35,151.07,146.91,148.12,109296295,AAPL,2021-9
9/15/21,148.56,149.44,146.37,149.03,83281315,AAPL,2021-9
9/16/21,148.44,148.97,147.22,148.79,68034149,AAPL,2021-9
9/17/21,148.82,148.82,145.76,146.06,129868824,AAPL,2021-9
9/20/21,143.8,144.84,141.27,142.94,123478863,AAPL,2021-9
9/21/21,143.93,144.6,142.78,143.43,75833962,AAPL,2021-9
9/22/21,144.45,146.43,143.7,145.85,76404341,AAPL,2021-9
9/23/21,146.65,147.08,145.64,146.83,64838170,AAPL,2021-9
9/24/21,145.66,147.47,145.56,146.92,53477869,AAPL,2021-9
9/27/21,145.47,145.96,143.82,145.37,74150729,AAPL,2021-9
9/28/21,143.25,144.75,141.69,141.91,108972340,AAPL,2021-9
9/29/21,142.47,144.45,142.03,142.83,74602044,AAPL,2021-9
9/30/21,143.66,144.38,141.28,141.5,89056664,AAPL,2021-9
9/1/21,2913,2936.41,2912.29,2916.84,791234,GOOG,2021-9
9/2/21,2918.99,2926.5,2882.13,2884.38,1092790,GOOG,2021-9
9/3/21,2882.92,2907.54,2870.1,2895.5,955524,GOOG,2021-9
9/7/21,2894.99,2916.48,2890.82,2910.38,758630,GOOG,2021-9
9/8/21,2907.87,2911.02,2884,2897.67,774583,GOOG,2021-9
9/9/21,2897.67,2913.39,2888.68,2898.27,739928,GOOG,2021-9
9/10/21,2908.87,2920.38,2834.83,2838.42,1644831,GOOG,2021-9
9/13/21,2864.02,2883.82,2845.65,2869.3,1008781,GOOG,2021-9
9/14/21,2883.22,2894.55,2858.11,2868.12,945957,GOOG,2021-9
9/15/21,2875.18,2911.63,2845.12,2904.12,1032671,GOOG,2021-9
9/16/21,2902.42,2904,2868.33,2887.47,1014942,GOOG,2021-9
9/17/21,2875.97,2884.99,2821.23,2829.27,3001991,GOOG,2021-9
9/20/21,2780,2787.25,2741.06,2780.34,1745886,GOOG,2021-9
9/21/21,2802.34,2816.23,2778.11,2792.93,906469,GOOG,2021-9
9/22/21,2801.01,2831.67,2789.44,2818.77,1103390,GOOG,2021-9
9/23/21,2832.19,2845.05,2821.93,2836.53,863805,GOOG,2021-9
9/24/21,2818.92,2858.07,2817.01,2852.66,747467,GOOG,2021-9
9/27/21,2831.71,2850,2810,2830.02,942204,GOOG,2021-9
9/28/21,2781.77,2792.13,2714,2723.68,2109483,GOOG,2021-9
9/29/21,2742.19,2747.97,2685,2690.42,1316861,GOOG,2021-9
9/30/21,2686.5,2711.8,2660,2665.31,1768199,GOOG,2021-9
9/1/21,302.87,305.19,301.49,301.83,18983826,MSFT,2021-9
9/2/21,302.2,303.36,300.18,301.15,16290545,MSFT,2021-9
9/3/21,300.99,302.6,300.26,301.14,14751610,MSFT,2021-9
9/7/21,301.01,301.09,298.2,300.18,17184083,MSFT,2021-9
9/8/21,299.78,300.61,297.47,300.21,15046819,MSFT,2021-9
9/9/21,300.82,302.14,297,297.25,19927000,MSFT,2021-9
9/10/21,298.42,299.92,295.38,295.71,19633363,MSFT,2021-9
9/13/21,297.55,298.54,294.08,296.99,23652949,MSFT,2021-9
9/14/21,299.56,301.39,298.1,299.79,21853433,MSFT,2021-9
9/15/21,303.26,305.32,301.82,304.82,28356304,MSFT,2021-9
9/16/21,303.76,305.31,300.76,305.22,19550815,MSFT,2021-9
9/17/21,304.17,304.5,299.53,299.87,41372457,MSFT,2021-9
9/20/21,296.33,298.72,289.52,294.3,38278661,MSFT,2021-9
9/21/21,295.69,297.54,294.07,294.8,22364103,MSFT,2021-9
9/22/21,296.73,300.22,294.51,298.58,26626342,MSFT,2021-9
9/23/21,298.85,300.9,297.53,299.56,18604601,MSFT,2021-9
9/24/21,298.23,299.8,296.93,299.35,14998978,MSFT,2021-9
9/27/21,296.14,296.47,292.94,294.17,23571742,MSFT,2021-9
9/28/21,289.8,290.78,282.75,283.52,43186237,MSFT,2021-9
9/29/21,285.1,286.77,283.01,284,26353696,MSFT,2021-9
9/30/21,285.71,287.83,281.62,281.92,32343635,MSFT,2021-9
9/1/21,734.08,741.99,731.27,734.09,13204335,TSLA,2021-9
9/2/21,734.5,740.97,730.54,732.39,12796739,TSLA,2021-9
9/3/21,732.25,734,724.2,733.57,15271045,TSLA,2021-9
9/7/21,740,760.2,739.26,752.92,20039825,TSLA,2021-9
9/8/21,761.58,764.45,740.77,753.87,18793036,TSLA,2021-9
9/9/21,753.41,762.1,751.63,754.86,14077731,TSLA,2021-9
9/10/21,759.6,762.61,734.52,736.27,15184170,TSLA,2021-9
9/13/21,740.21,744.78,708.85,743,22952482,TSLA,2021-9
9/14/21,742.57,754.47,736.4,744.49,18524881,TSLA,2021-9
9/15/21,745,756.86,738.36,755.83,15357685,TSLA,2021-9
9/16/21,752.83,758.91,747.61,756.99,13923393,TSLA,2021-9
9/17/21,757.15,761.04,750,759.49,28204176,TSLA,2021-9
9/20/21,734.56,742,718.62,730.17,24757652,TSLA,2021-9
9/21/21,734.79,744.74,730.44,739.38,16330723,TSLA,2021-9
9/22/21,743.53,753.67,739.12,751.94,15126272,TSLA,2021-9
9/23/21,755,758.2,747.92,753.64,11947527,TSLA,2021-9
9/24/21,745.89,774.8,744.56,774.39,21373022,TSLA,2021-9
9/27/21,773.12,799,769.31,791.36,28070657,TSLA,2021-9
9/28/21,787.2,795.64,766.18,777.56,25381422,TSLA,2021-9
9/29/21,779.8,793.5,770.68,781.31,20942877,TSLA,2021-9
9/30/21,781,789.13,775,775.48,17955961,TSLA,2021-9
9/1/21,379.59,384.33,378.81,382.05,11567163,FB,2021-9
9/2/21,381.5,381.75,374.06,375.28,14838274,FB,2021-9
9/3/21,374.75,377.16,373.11,376.26,7511356,FB,2021-9
9/7/21,375.88,382.96,373.15,382.18,10798920,FB,2021-9
9/8/21,380.16,380.87,374.79,377.57,11067166,FB,2021-9
9/9/21,377.64,379.83,376.57,378,9098941,FB,2021-9
9/10/21,381.36,383.79,378.26,378.69,11549595,FB,2021-9
9/13/21,381.68,381.75,374.35,376.51,13026275,FB,2021-9
9/14/21,377.4,378.59,375.11,376.53,8711569,FB,2021-9
9/15/21,377,377.56,367.67,373.92,17940297,FB,2021-9
9/16/21,372.79,373.56,369.71,373.06,11934217,FB,2021-9
9/17/21,371.41,371.41,361.59,364.72,26298966,FB,2021-9
9/20/21,359.3,361.03,349.8,355.7,19822772,FB,2021-9
9/21/21,358.5,360.04,355.19,357.48,11751917,FB,2021-9
9/22/21,347.23,349.84,340.69,343.21,43692859,FB,2021-9
9/23/21,345.36,349.67,343,345.96,21806264,FB,2021-9
9/24/21,343.24,354.35,342.37,352.96,18801933,FB,2021-9
9/27/21,349.81,355.15,347.08,353.58,15205843,FB,2021-9
9/28/21,347.97,349.6,338.92,340.65,21710286,FB,2021-9
9/29/21,343.15,345.23,338.88,339.61,14452241,FB,2021-9
9/30/21,340.45,342.8,338.15,339.39,16547094,FB,2021-9
10/1/21,141.9,142.92,139.11,142.65,94639581,AAPL,2021-10
10/4/21,141.76,142.21,138.27,139.14,98322008,AAPL,2021-10
10/5/21,139.49,142.24,139.36,141.11,80861062,AAPL,2021-10
10/6/21,139.47,142.15,138.37,142,83221119,AAPL,2021-10
10/7/21,143.06,144.22,142.72,143.29,61732656,AAPL,2021-10
10/8/21,144.03,144.18,142.56,142.9,58773155,AAPL,2021-10
10/11/21,142.27,144.81,141.81,142.81,64452219,AAPL,2021-10
10/12/21,143.23,143.25,141.04,141.51,73035859,AAPL,2021-10
10/13/21,141.24,141.4,139.2,140.91,78762721,AAPL,2021-10
10/14/21,142.11,143.88,141.51,143.76,69907100,AAPL,2021-10
10/15/21,143.77,144.9,143.51,144.84,67940334,AAPL,2021-10
10/18/21,143.45,146.84,143.16,146.55,85589175,AAPL,2021-10
10/19/21,147.01,149.17,146.55,148.76,76378894,AAPL,2021-10
10/20/21,148.7,149.75,148.12,149.26,58418788,AAPL,2021-10
10/21/21,148.81,149.64,147.87,149.48,61420990,AAPL,2021-10
10/22/21,149.69,150.18,148.64,148.69,58883443,AAPL,2021-10
10/1/21,2671.09,2741.42,2667.55,2729.25,1419365,GOOG,2021-10
10/4/21,2713.99,2714,2623.33,2675.3,1576495,GOOG,2021-10
10/5/21,2680,2747.24,2680,2723.54,1206337,GOOG,2021-10
10/6/21,2692.51,2757.04,2689.73,2747.08,988216,GOOG,2021-10
10/7/21,2777.26,2803.09,2771.26,2783.71,912523,GOOG,2021-10
10/8/21,2798.12,2806.34,2788.59,2801.12,946421,GOOG,2021-10
10/11/21,2796,2815.27,2776.13,2776.95,829238,GOOG,2021-10
10/12/21,2792.75,2793.9,2725,2734.26,1126751,GOOG,2021-10
10/13/21,2755,2771,2739.53,2758,819664,GOOG,2021-10
10/14/21,2799.04,2833.03,2786.78,2828.24,1071878,GOOG,2021-10
10/15/21,2844,2844,2821.29,2833.5,1062668,GOOG,2021-10
10/18/21,2824.27,2859.98,2824.27,2859.21,828360,GOOG,2021-10
10/19/21,2865.83,2882.14,2861.92,2876.44,765792,GOOG,2021-10
10/20/21,2884.45,2884.96,2838.24,2848.3,896975,GOOG,2021-10
10/21/21,2843.84,2856.99,2832.74,2855.61,742496,GOOG,2021-10
10/22/21,2807.02,2831.17,2743.41,2772.5,1509132,GOOG,2021-10
10/1/21,282.12,289.98,281.29,289.1,30086280,MSFT,2021-10
10/4/21,287.4,287.75,280.25,283.11,31350747,MSFT,2021-10
10/5/21,284.05,290.4,284.05,288.76,24993024,MSFT,2021-10
10/6/21,285.78,293.63,285.51,293.11,28002559,MSFT,2021-10
10/7/21,295.18,296.64,293.92,294.85,20430471,MSFT,2021-10
10/8/21,296.22,296.64,293.76,294.85,17685700,MSFT,2021-10
10/11/21,292.92,297.97,292.75,294.23,19298634,MSFT,2021-10
10/12/21,295.34,295.44,292.35,292.88,17974143,MSFT,2021-10
10/13/21,294.91,297.28,293.49,296.31,23424025,MSFT,2021-10
10/14/21,299.21,303.27,297.83,302.75,27262902,MSFT,2021-10
10/15/21,302.34,304.45,300.52,304.21,25384803,MSFT,2021-10
10/18/21,303.57,308.21,302.69,307.29,22729297,MSFT,2021-10
10/19/21,308.35,309.3,307.22,308.23,17682139,MSFT,2021-10
10/20/21,309.21,309.7,306.11,307.41,16537069,MSFT,2021-10
10/21/21,307.17,311.02,306.36,310.76,16918100,MSFT,2021-10
10/22/21,310.4,311.09,307.8,309.16,17449332,MSFT,2021-10
10/1/21,778.4,780.78,763.59,775.22,17031414,TSLA,2021-10
10/4/21,796.5,806.97,776.12,781.53,30483341,TSLA,2021-10
10/5/21,784.8,797.31,774.2,780.59,18432625,TSLA,2021-10
10/6/21,776.2,786.66,773.22,782.75,14632768,TSLA,2021-10
10/7/21,785.46,805,783.38,793.61,19195782,TSLA,2021-10
10/8/21,796.21,796.38,780.91,785.49,16738604,TSLA,2021-10
10/11/21,787.65,801.24,785.5,791.94,14200322,TSLA,2021-10
10/12/21,800.93,812.32,796.57,805.72,22020040,TSLA,2021-10
10/13/21,810.47,815.41,805.78,811.08,14120075,TSLA,2021-10
10/14/21,815.49,820.25,813.35,818.32,12247170,TSLA,2021-10
10/15/21,823.74,843.21,822.35,843.03,18924567,TSLA,2021-10
10/18/21,851.79,875.26,851.47,870.11,24207244,TSLA,2021-10
10/19/21,877.53,877.95,862.51,864.27,17381128,TSLA,2021-10
10/20/21,865.35,869.49,857.38,865.8,14032052,TSLA,2021-10
10/21/21,856,900,855.5,894,31481454,TSLA,2021-10
10/22/21,895.5,910,890.96,909.68,22880835,TSLA,2021-10
10/1/21,341.61,345.02,338.64,343.01,14905311,FB,2021-10
10/4/21,335.53,335.94,322.7,326.23,42884975,FB,2021-10
10/5/21,328.58,335.18,326.16,332.96,35377947,FB,2021-10
10/6/21,329.74,334.38,325.8,333.64,26443010,FB,2021-10
10/7/21,337,338.84,328.98,329.22,28307456,FB,2021-10
10/8/21,331.51,333.4,328.71,330.05,15946110,FB,2021-10
10/11/21,327.63,330.46,325.31,325.45,14708224,FB,2021-10
10/12/21,323.03,324.38,317.37,323.77,31658684,FB,2021-10
10/13/21,326.97,327,322.66,324.54,14761470,FB,2021-10
10/14/21,328.36,330.52,327.1,328.53,14302154,FB,2021-10
10/15/21,328.68,329.07,322.51,324.76,21596370,FB,2021-10
10/18/21,328.95,335.89,327.5,335.34,21585018,FB,2021-10
10/19/21,339.65,342.46,337.28,339.99,18786316,FB,2021-10
10/20/21,343.45,343.98,339.45,340.78,13639465,FB,2021-10
10/21/21,340.28,342.31,337.8,341.88,16354423,FB,2021-10
10/22/21,326.35,329.63,321.11,324.61,35224543,FB,2021-10